Time,Reps,Angle,Velocity,X,Y
2.1066,0,0.1118,0.0000,0.0000,0.0000
2.1139,0,0.1118,0.0000,0.0000,0.0000
2.1330,0,0.1118,0.0000,0.0000,0.0000
2.1501,0,0.1118,0.0000,0.0000,0.0000
2.1777,0,0.1118,0.0000,0.0000,0.0000
2.1947,0,0.1118,0.0000,0.0000,0.0000
2.2173,0,0.1118,0.0000,0.0000,0.0000
2.2526,0,0.1118,0.0000,0.0000,0.0000
2.2546,0,0.1118,0.0000,0.0000,0.0000
2.2632,0,0.1118,0.0000,0.0000,0.0000
2.2894,0,0.1118,0.0000,0.0000,0.0000
2.3392,0,0.1118,0.0000,0.0000,0.0000
2.3815,0,0.1118,0.0000,0.0000,0.0000
2.4200,0,0.1118,0.0000,0.0000,0.0000
2.4236,0,0.1118,0.0000,0.0000,0.0000
2.4257,0,0.1118,0.0000,0.0000,0.0000
2.4351,0,0.1118,0.0000,0.0000,0.0000
2.5542,0,0.1118,0.0000,0.0000,0.0000
2.5733,0,0.1118,0.0000,0.0000,0.0000
2.6080,0,0.1118,0.0000,0.0000,0.0000
2.6377,0,0.1118,0.0000,4.3330,-8.2220
2.6724,0,0.1118,0.0000,0.0000,0.0000
2.7012,0,0.1118,0.0000,-0.5930,-6.8640
2.7246,0,0.1118,0.0000,0.2000,-13.6670
2.7509,0,0.1118,0.0000,0.0000,0.0000
2.8338,0,0.1118,0.0000,0.0000,0.0000
2.8727,0,0.1118,0.0000,0.0000,0.0000
2.8983,0,0.1118,0.0000,0.0000,0.0000
2.9256,0,0.1118,0.0000,0.0000,0.0000
2.9420,0,0.1118,0.0000,0.7010,-0.3610
2.9646,0,0.1118,0.0000,1.6290,0.4500
3.0032,0,0.1118,0.0000,0.0000,0.0000
3.0068,0,0.1118,0.0000,0.0000,0.0000
3.0112,0,0.1118,0.0000,2.2040,1.4300
3.0209,0,0.1118,0.0000,0.3080,-1.9230
3.0393,0,0.1118,0.0000,0.8240,-0.8380
3.0551,0,0.1118,0.0000,0.4000,-1.8000
3.0902,0,0.1118,0.0000,0.8830,-0.5250
3.1035,0,0.1118,0.0000,0.0000,0.0000
3.1350,0,0.1118,0.0000,0.8590,-0.3220
3.1475,0,0.1118,0.0000,0.0000,0.0000
3.1761,0,0.1118,0.0000,0.0000,0.0000
3.1800,0,0.1118,0.0000,0.0000,0.0000
3.1838,0,0.1118,0.0000,0.0000,0.0000
3.2159,0,0.1118,0.0000,0.0000,0.0000
3.2474,0,0.1118,0.0000,1.4930,-2.1040
3.2630,0,0.1118,0.0000,-0.5930,-1.5760
3.2957,0,0.1118,0.0000,-6.6000,-5.6000
3.3227,0,0.1118,0.0000,0.8280,-1.6220
3.3444,0,0.1118,0.0000,0.0000,0.0000
3.3761,0,0.1118,0.0000,0.0000,0.0000
3.4124,0,0.1118,0.0000,0.9430,-0.2620
3.4454,0,0.1118,0.0000,0.0000,0.0000
3.4692,0,0.1118,0.0000,0.0000,0.0000
3.4957,0,0.1118,0.0000,0.0000,0.0000
3.5168,0,0.1118,0.0000,0.0000,0.0000
3.5515,0,0.1118,0.0000,-10.1030,2.5170
3.5890,0,0.1118,0.0000,0.0000,0.0000
3.6060,0,0.1118,0.0000,0.0000,0.0000
3.6362,0,0.1118,0.0000,-1.3160,-1.8700
3.6574,0,0.1118,0.0000,-1.1580,-2.7230
3.6865,0,0.1118,0.0000,0.0000,0.0000
3.7417,0,0.1118,0.0000,7.3810,-19.7620
3.7459,0,0.1118,0.0000,0.0000,0.0000
3.7561,0,0.1118,0.0000,0.0000,0.0000
3.7865,0,0.1040,-0.0510,0.0000,0.0000
3.7901,0,0.0963,-0.4876,0.0000,0.0000
3.7939,0,0.0885,-0.8979,-0.2690,-6.0770
3.8017,0,0.0808,-1.0970,0.0000,0.0000
3.8362,0,0.0730,-1.1419,0.0000,0.0000
3.8642,0,0.0653,-1.1463,0.0000,0.0000
3.9120,0,0.0653,-0.7096,-1.9790,0.1490
3.9211,0,0.0653,-0.2994,4.0470,-1.4190
3.9245,0,0.0653,-0.1003,0.0000,0.0000
3.9278,0,0.0653,-0.0554,0.0000,0.0000
3.9306,0,0.0653,0.0000,0.0000,0.0000
3.9585,0,0.0653,0.0000,0.0000,0.0000
3.9633,0,0.0653,0.0000,2.9180,-2.1290
3.9673,0,0.0653,0.0000,0.5660,-1.1400
4.0127,0,0.0575,-0.0342,1.8930,-0.9590
4.0198,0,0.0498,-0.2516,0.4750,-0.4470
4.0565,0,0.0420,-0.2940,2.2540,-2.3190
4.0606,0,0.0342,-0.6679,0.0470,-0.5580
4.0671,0,0.0264,-0.9089,-0.4780,-0.0990
4.0836,0,0.0187,-0.9686,-0.6490,-5.3160
4.0999,0,0.0187,-0.7512,-0.1360,-3.0910
4.1456,0,0.0187,-0.7088,1.6930,-0.4080
4.1581,0,0.0187,-0.3349,7.8000,-15.9710
4.1993,0,0.0187,-0.0940,0.0000,0.0000
4.2166,0,0.0187,0.0000,0.0000,0.0000
4.2381,0,0.0187,0.0000,0.2680,0.7800
4.2767,0,0.0187,0.0000,0.0000,0.0000
4.2826,0,0.0187,0.0000,0.0000,0.0000
4.3189,0,0.0187,0.0000,0.0000,0.0000
4.3615,0,0.0187,0.0000,0.0000,0.0000
4.3673,0,0.0187,0.0000,0.0000,0.0000
4.3957,0,0.0187,0.0000,0.0000,0.0000
4.4094,0,0.0187,0.0000,0.0000,0.0000
4.4427,0,0.0187,0.0000,0.0000,0.0000
4.4886,0,0.0187,0.0000,0.0000,0.0000
4.4923,0,0.0187,0.0000,0.0000,0.0000
4.5238,0,0.0187,0.0000,0.0000,0.0000
4.5375,0,0.0187,0.0000,0.0000,0.0000
4.5783,0,0.0187,0.0000,0.0000,0.0000
4.6322,0,0.0187,0.0000,-0.9850,-0.9990
4.6715,0,0.0187,0.0000,-0.9860,-0.9890
4.6776,0,0.0187,0.0000,-0.9840,-0.9850
4.7401,0,0.0187,0.0000,0.0000,0.0000
4.7635,0,0.0187,0.0000,0.0000,0.0000
4.8080,0,0.0187,0.0000,0.0000,0.0000
4.8218,0,0.0187,0.0000,0.0000,0.0000
4.8430,0,0.0187,0.0000,0.0000,0.0000
4.8512,0,0.0187,0.0000,2.0390,0.1570
4.8565,0,0.0187,0.0000,2.7980,0.2600
4.8675,0,0.0187,0.0000,4.5350,-0.7090
4.9011,0,0.0187,0.0000,4.4260,-0.0610
4.9067,0,0.0187,0.0000,1.5910,0.0910
4.9103,0,0.0187,0.0000,4.0000,-0.2380
4.9125,0,0.0187,0.0000,2.5640,-0.5270
4.9437,0,0.0187,0.0000,3.0720,1.1450
4.9594,0,0.0187,0.0000,2.9920,-0.4740
5.0318,0,0.0187,0.0000,0.0000,0.0000
5.1151,0,0.0187,0.0000,3.4720,-0.7790
5.1751,0,0.0187,0.0000,0.0000,0.0000
5.2422,0,0.0187,0.0000,3.5380,-0.6890
5.2525,0,0.0187,0.0000,0.9540,-0.8700
5.2688,0,0.0187,0.0000,1.5650,-1.1240
5.2951,0,0.0187,0.0000,1.5180,-1.1200
5.3138,0,0.0187,0.0000,1.4900,-1.1570
5.3502,0,0.0187,0.0000,1.0310,-1.1840
5.3609,0,0.0187,0.0000,0.4190,-0.9720
5.3967,0,0.0187,0.0000,0.2550,-0.7750
5.4007,0,0.0187,0.0000,0.3020,-0.6360
5.4308,0,0.0187,0.0000,0.2920,-0.5230
5.4519,0,0.0187,0.0000,0.2030,-0.4210
5.4840,0,0.0187,0.0000,0.1170,-0.2800
5.4986,0,0.0187,0.0000,0.0860,-0.1360
5.5371,0,0.0187,0.0000,0.0560,0.0050
5.5398,0,0.0187,0.0000,-0.0140,0.1340
5.5428,0,0.0187,0.0000,-0.1390,0.1120
5.5545,0,0.0187,0.0000,-0.1920,0.1970
5.5844,0,0.0187,0.0000,-0.3410,0.4030
5.5909,0,0.0187,0.0000,0.0980,0.5400
5.6183,0,0.0187,0.0000,1.9720,0.1040
5.6428,0,0.0187,0.0000,2.9130,-0.8220
5.6598,0,0.0187,0.0000,2.6180,-0.4330
5.6827,0,0.0187,0.0000,1.2660,-1.1590
5.6928,0,0.0187,0.0000,-0.3160,-0.7630
5.7137,0,0.0187,0.0000,-0.4640,-0.6390
5.7164,0,0.0187,0.0000,-0.3520,-0.5230
5.7392,0,0.0187,0.0000,-0.0960,-0.3260
5.7668,0,0.0187,0.0000,-0.1340,-0.2890
5.7838,0,0.0187,0.0000,-0.4150,-0.1220
5.8210,0,0.0187,0.0000,-0.0150,-0.4370
5.8567,0,0.0187,0.0000,-0.0160,-0.4100
5.8640,0,0.0187,0.0000,-0.0170,-0.4240
5.9039,0,0.0187,0.0000,0.2280,-0.7620
5.9302,0,0.0187,0.0000,0.0380,-0.4410
5.9556,0,0.0187,0.0000,0.0780,-0.4420
5.9957,0,0.0187,0.0000,0.1100,-0.4470
6.0330,0,0.0187,0.0000,0.1220,-0.4330
6.0369,0,0.0187,0.0000,0.1210,-0.4210
6.0842,0,0.0187,0.0000,0.1140,-0.4240
6.0882,0,0.0187,0.0000,0.1150,-0.4170
6.1159,0,0.0187,0.0000,0.1100,-0.4070
6.1278,0,0.0187,0.0000,0.1070,-0.3900
6.2047,0,0.0264,0.0202,0.1040,-0.3870
6.2209,0,0.0342,0.1160,0.0960,-0.3360
6.2577,0,0.0497,0.2005,0.0880,-0.3200
6.2778,0,0.0652,0.3552,0.0820,-0.2970
6.2963,0,0.0808,0.5225,0.0710,-0.2640
6.3022,0,0.0963,1.0273,0.0670,-0.2540
6.3141,0,0.1040,1.0614,0.0640,-0.2440
6.3414,0,0.1118,1.0339,0.0600,-0.2330
6.3453,0,0.1118,0.8793,0.0570,-0.2210
6.3960,0,0.1118,0.7119,0.0490,-0.1890
6.4027,0,0.1040,-0.0465,0.0430,-0.1690
6.4053,0,0.0963,-0.7753,0.0310,-0.1500
6.4386,0,0.0885,-0.8788,0.0280,-0.1290
6.4858,0,0.0808,-0.9115,0.0210,-0.1120
6.4895,0,0.0730,-1.3402,0.0140,-0.0980
6.5223,0,0.0653,-1.1540,0.0090,-0.0790
6.5443,0,0.0653,-0.5552,0.0010,-0.0500
6.5738,0,0.0653,-0.5087,-0.0070,-0.0300
6.5857,0,0.0653,-0.4759,-0.0110,-0.0230
6.6135,0,0.0653,-0.0472,-0.0200,-0.0160
6.6564,0,0.0653,0.0000,-0.0280,-0.0040
6.6595,0,0.0653,0.0000,-0.0320,0.0070
6.6971,0,0.0653,0.0000,-0.0370,0.0210
6.7189,0,0.0653,0.0000,-0.0470,0.0330
6.7443,0,0.0653,0.0000,-0.0510,0.0420
6.7585,0,0.0653,0.0000,-0.0530,0.0500
6.7844,0,0.0653,0.0000,-0.0540,0.0580
6.8197,0,0.0653,0.0000,-0.0530,0.0650
6.8376,0,0.0653,0.0000,-0.0560,0.0710
6.8704,0,0.0653,0.0000,-0.0620,0.0730
6.8848,0,0.0653,0.0000,-0.0660,0.0720
6.9087,0,0.0653,0.0000,-0.0720,0.0630
6.9534,0,0.0653,0.0000,-0.0800,0.0540
6.9574,0,0.0653,0.0000,-0.0860,0.0480
6.9924,0,0.0653,0.0000,-0.0880,0.0360
7.0369,0,0.0653,0.0000,-0.0880,0.0120
7.0463,0,0.0653,0.0000,-0.0800,-0.0230
7.0742,0,0.0653,0.0000,-0.0740,-0.0450
7.0946,0,0.0653,0.0000,-0.0660,-0.0610
7.1834,0,0.0653,0.0000,-0.0380,-0.1100
7.1879,0,0.0653,0.0000,-0.0320,-0.1200
7.1913,0,0.0653,0.0000,-0.0280,-0.1300
7.1985,0,0.0653,0.0000,-0.0240,-0.1410
7.2157,0,0.0653,0.0000,-0.0200,-0.1510
7.2355,0,0.0653,0.0000,-0.0150,-0.1620
7.2383,0,0.0653,0.0000,-0.0120,-0.1720
7.2406,0,0.0653,0.0000,-0.0090,-0.1820
7.2447,0,0.0653,0.0000,-0.0070,-0.1890
7.2877,0,0.0653,0.0000,-0.0070,-0.1980
7.3237,0,0.0653,0.0000,-0.0090,-0.1970
7.3323,0,0.0653,0.0000,-0.0120,-0.1980
7.3598,0,0.0653,0.0000,-0.0140,-0.1970
7.3802,0,0.0653,0.0000,-0.0130,-0.1920
7.4104,0,0.0653,0.0000,-0.0120,-0.1850
7.4458,0,0.0653,0.0000,-0.0100,-0.1780
7.4588,0,0.0653,0.0000,-0.0090,-0.1750
7.4958,0,0.0653,0.0000,-0.0100,-0.1700
7.5632,0,0.0653,0.0000,0.1950,0.0100
7.5794,0,0.0653,0.0000,0.1750,0.0400
7.6192,0,0.0653,0.0000,0.1710,0.0470
7.6774,0,0.0653,0.0000,-0.0250,-0.1230
7.7068,0,0.0653,0.0000,-0.0310,-0.1240
7.7205,0,0.0653,0.0000,-0.0300,-0.1280
7.7453,0,0.0653,0.0000,-0.0300,-0.1320
7.7817,0,0.0653,0.0000,-0.0300,-0.1320
7.8254,0,0.0653,0.0000,-0.0300,-0.1370
7.8298,0,0.0653,0.0000,-0.0290,-0.1430
7.8502,0,0.0653,0.0000,-0.0280,-0.1470
7.8700,0,0.0653,0.0000,-0.0260,-0.1480
7.9062,0,0.0653,0.0000,-0.0230,-0.1490
7.9168,0,0.0653,0.0000,-0.0220,-0.1500
7.9890,0,0.0653,0.0000,-0.0220,-0.1520
8.0418,0,0.0653,0.0000,-0.0160,-0.1650
8.0784,0,0.0653,0.0000,-0.0120,-0.1690
8.1145,0,0.0653,0.0000,-0.0050,-0.1760
8.1216,0,0.0653,0.0000,0.0020,-0.1840
8.1628,0,0.0653,0.0000,0.0080,-0.1960
8.1699,0,0.0653,0.0000,0.0130,-0.2140
8.1998,0,0.0653,0.0000,0.0170,-0.2250
8.2335,0,0.0653,0.0000,0.0210,-0.2250
8.2526,0,0.0653,0.0000,0.0260,-0.2270
8.2833,0,0.0653,0.0000,0.0280,-0.2320
8.2939,0,0.0653,0.0000,0.0310,-0.2370
8.3272,0,0.0653,0.0000,0.0350,-0.2420
8.3409,0,0.0653,0.0000,0.0370,-0.2480
8.3740,0,0.0653,0.0000,0.0390,-0.2610
8.4067,0,0.0653,0.0000,0.0270,-0.2700
8.4214,0,0.0653,0.0000,-0.0010,-0.2670
8.4493,0,0.0653,0.0000,-0.0380,-0.2550
8.4952,0,0.0653,0.0000,-0.0530,-0.2400
8.5018,0,0.0653,0.0000,-0.0480,-0.2320
8.5120,0,0.0653,0.0000,0.1970,-0.5480
8.5357,0,0.0653,0.0000,0.2120,-0.5520
8.5771,0,0.0653,0.0000,0.2070,-0.5580
8.5821,0,0.0653,0.0000,0.2140,-0.5480
8.6155,0,0.0653,0.0000,0.2190,-0.5360
8.6293,0,0.0575,-0.1129,0.2250,-0.5260
8.6609,0,0.1567,0.5135,0.2260,-0.5210
8.7046,0,0.1876,0.6547,0.2260,-0.5160
8.7106,0,0.2717,3.4784,0.2230,-0.5090
8.7489,0,0.5387,4.8713,0.2260,-0.5060
8.7531,0,0.9651,25.3162,0.2280,-0.5060
8.7853,0,1.5190,28.1304,0.2310,-0.5090
8.7984,0,1.9919,35.1937,0.2360,-0.5070
8.8613,0,2.7775,34.8698,0.2380,-0.5150
8.8687,0,3.5520,54.5176,0.2370,-0.5160
8.8959,0,4.1793,38.7827,0.2360,-0.5170
8.8989,0,4.6591,68.2269,0.2360,-0.5170
8.9023,0,5.0193,81.8735,0.2360,-0.5170
8.9427,0,5.3946,81.2327,0.2330,-0.5210
8.9760,0,5.5022,60.8374,0.2260,-0.5300
8.9936,0,5.5379,56.6484,0.2170,-0.5360
9.0183,0,5.5081,23.5223,0.2080,-0.5370
9.0559,0,5.4001,2.0970,0.2050,-0.5370
9.0632,0,5.2553,-3.7198,0.2030,-0.5390
9.0918,0,5.0323,-5.9259,0.2060,-0.5420
9.1348,0,4.7637,-7.5842,0.2250,-0.5520
9.1428,0,4.5057,-13.7851,0.2400,-0.5760
9.1710,0,4.1937,-15.4251,0.2270,-0.5960
9.1891,0,3.9154,-14.5428,0.2150,-0.6160
9.2130,0,3.6540,-15.1620,0.2140,-0.6260
9.2404,0,3.4428,-15.4568,0.2180,-0.6260
9.2579,0,3.2609,-11.0849,0.2190,-0.6200
9.2827,0,3.0238,-10.7876,0.2100,-0.6180
9.3132,0,2.7806,-9.3083,0.2080,-0.6200
9.3263,0,2.5771,-10.2270,0.2090,-0.6250
9.3613,0,2.3723,-9.8518,0.2050,-0.6310
9.3737,0,2.1119,-11.9970,0.1980,-0.6340
9.3961,0,1.8117,-12.7516,0.1930,-0.6340
9.4442,0,1.6437,-11.8535,0.1950,-0.6310
9.4534,0,1.5295,-11.2416,0.2020,-0.6270
9.4842,0,1.2972,-11.5822,0.2060,-0.6270
9.5242,0,1.1309,-8.1979,0.2080,-0.6270
9.5299,0,1.0072,-9.8693,0.2120,-0.6260
9.5451,0,0.9555,-9.8525,0.2210,-0.6210
9.5808,0,0.8158,-8.1476,0.2330,-0.6110
9.6022,0,0.7048,-7.6755,0.2330,-0.6090
9.6412,0,0.6821,-6.9609,0.2340,-0.6050
9.6474,0,0.6145,-4.7860,0.2380,-0.6000
9.6776,0,0.5163,-4.7535,0.2400,-0.5960
9.6847,0,0.4102,-6.9813,0.2400,-0.5950
9.7171,0,0.3800,-6.1299,0.2350,-0.5920
9.7619,0,0.3573,-6.1147,0.2400,-0.5900
9.7750,0,0.2959,-4.8810,0.2260,-0.5770
9.8002,0,0.2499,-4.5967,0.2230,-0.5700
9.8330,0,0.2345,-1.6811,0.2230,-0.5620
9.8425,0,0.2113,-1.9788,0.2260,-0.5520
9.8735,0,0.1499,-2.2740,0.2290,-0.5420
9.8891,0,0.0885,-2.1301,0.2300,-0.5310
9.9149,0,0.0885,-1.7654,0.2310,-0.5220
9.9437,0,0.0730,-1.7789,0.2310,-0.5110
10.0041,0,0.0498,-1.3713,0.0810,-0.4020
10.0179,0,0.0498,-0.9748,0.0920,-0.3830
10.0349,0,0.0420,-0.2754,0.0940,-0.3790
10.0515,0,0.0342,-0.3691,0.0970,-0.3730
10.0767,0,0.0264,-0.3233,0.1010,-0.3690
10.1575,0,0.0187,-0.2656,0.2280,-0.4420
10.1626,0,0.0187,-0.2656,0.2300,-0.4280
10.1663,0,0.0187,-0.1746,0.2310,-0.4240
10.1780,0,0.0187,-0.0809,0.2320,-0.4200
10.2006,0,0.0187,-0.0192,0.2350,-0.4140
10.2433,0,0.0187,0.0000,0.2370,-0.4070
10.2498,0,0.0187,0.0000,0.2370,-0.4000
10.2947,0,0.0187,0.0000,0.2380,-0.3930
10.2999,0,0.0187,0.0000,0.2370,-0.3880
10.3038,0,0.0187,0.0000,0.2340,-0.3870
10.3172,0,0.0187,0.0000,0.2320,-0.3860
10.3530,0,0.0187,0.0000,0.2300,-0.3860
10.3591,0,0.0187,0.0000,0.2170,-0.3880
10.3941,0,0.0187,0.0000,0.2000,-0.3880
10.4509,0,0.0187,0.0000,0.0160,-0.3150
10.5196,0,0.0187,0.0000,0.0580,-0.3630
10.5540,0,0.0650,0.2694,0.0920,-0.3400
10.5826,0,0.2606,1.6358,0.1260,-0.3400
10.5999,0,0.4708,4.0623,0.1420,-0.3410
10.6292,0,0.7027,5.6464,0.1560,-0.3450
10.6992,0,1.3532,7.5051,0.1620,-0.3570
10.7393,0,2.1101,11.0112,0.1680,-0.4370
10.7419,0,2.8207,63.1821,0.1620,-0.4570
10.8283,0,3.4974,62.3228,0.2230,-0.4530
10.8564,0,4.1536,65.4091,0.2210,-0.4860
10.8749,0,4.7881,70.4031,0.2190,-0.4940
10.9028,0,4.9130,67.5249,0.2210,-0.4960
10.9072,0,4.9315,14.8236,0.2250,-0.4960
10.9197,0,4.9005,12.7608,0.2230,-0.4950
10.9352,0,4.7291,5.8815,0.2220,-0.4930
10.9415,0,4.5574,-6.3982,0.2220,-0.4910
10.9532,0,4.3732,-10.4594,0.2230,-0.4900
10.9782,0,4.2546,-12.2438,0.2240,-0.4910
10.9817,0,4.0134,-25.4013,0.2230,-0.4940
10.9890,0,3.8217,-28.4341,0.2210,-0.5010
11.0154,0,3.6549,-24.2732,0.2130,-0.5220
11.0363,0,3.3399,-24.1181,0.1990,-0.5440
11.0699,0,3.0784,-24.7240,0.1870,-0.5600
11.1043,0,2.7943,-12.7250,0.1760,-0.5620
11.1169,0,2.5982,-10.5899,0.1830,-0.5610
11.1400,0,2.4021,-11.0250,0.1850,-0.5630
11.1909,0,2.0926,-9.2324,0.1900,-0.5570
11.2062,0,1.9086,-10.0839,0.1900,-0.5500
11.2301,0,1.6763,-10.3724,0.1890,-0.5470
11.2630,0,1.4477,-8.6530,0.1880,-0.5470
11.2768,0,1.2091,-10.4338,0.1890,-0.5440
11.3099,0,0.9929,-10.5206,0.1880,-0.5360
11.3423,0,0.9050,-8.6581,0.1860,-0.5300
11.3546,0,0.7937,-8.5222,0.1910,-0.5280
11.3903,0,0.6286,-8.0590,0.1910,-0.5250
11.4006,0,0.5307,-6.4787,0.1910,-0.5190
11.4254,0,0.4313,-5.9780,0.1960,-0.5120
11.4659,0,0.3557,-5.8076,0.2000,-0.5090
11.4709,0,0.2881,-6.7492,0.2060,-0.5100
11.5028,0,0.2037,-6.3527,0.2140,-0.5130
11.5142,0,0.1805,-4.8594,0.2150,-0.5120
11.5550,0,0.1342,-4.2845,0.2170,-0.5100
11.5617,0,0.1342,-3.9114,0.2190,-0.5060
11.5913,1,0.1034,-1.3710,0.2210,-0.5040
11.6061,1,0.0497,-1.5697,0.2240,-0.5040
11.6766,1,0.0497,-1.1612,0.0910,-0.3150
11.6813,1,0.0497,-0.9339,0.0930,-0.3140
11.7563,1,0.0497,-0.9339,-0.0230,-0.1720
11.7717,1,0.0497,-0.7262,-0.0250,-0.1660
11.7983,1,0.0342,-0.1168,-0.0250,-0.1590
11.8026,1,0.0187,-0.8389,-0.0260,-0.1570
11.8171,1,0.0187,-0.8389,-0.0290,-0.1540
11.8439,1,0.0187,-0.8389,-0.0320,-0.1500
11.8479,1,0.0187,-0.8389,-0.0360,-0.1440
11.8520,1,0.0187,-0.7220,-0.0410,-0.1380
11.8626,1,0.0187,0.0000,-0.0430,-0.1310
11.8966,1,0.0187,0.0000,-0.0420,-0.1250
11.9496,1,0.0187,0.0000,-0.0350,-0.1190
11.9536,1,0.0187,0.0000,-0.0370,-0.1140
11.9916,1,0.0187,0.0000,-0.0370,-0.1110
11.9975,1,0.0187,0.0000,-0.0350,-0.1100
12.0379,1,0.0187,0.0000,-0.0360,-0.1110
12.0442,1,0.0187,0.0000,-0.0380,-0.1140
12.1095,1,0.0187,0.0000,0.0830,-0.2600
12.1240,1,0.0187,0.0000,0.0800,-0.2610
12.1930,1,0.0187,0.0000,0.2290,-0.4580
12.2411,1,0.0187,0.0000,0.2340,-0.4520
12.2618,1,0.0187,0.0000,0.1520,-0.4950
12.2866,1,0.0187,0.0000,0.1240,-0.5100
12.3130,1,0.0187,0.0000,0.1050,-0.5200
12.3403,1,0.0187,0.0000,0.0960,-0.5290
12.3533,1,0.0342,0.2371,0.0910,-0.5380
12.3938,1,0.1710,0.9138,0.0880,-0.5460
12.4101,1,0.3300,2.8593,0.0930,-0.5490
12.4343,1,0.4816,4.1147,0.1070,-0.5450
12.4691,1,0.5960,4.7715,0.1200,-0.5380
12.5351,1,0.9894,5.7264,-0.0170,-0.2830
12.5947,1,1.2699,5.9912,-0.1550,-0.0930
12.6284,1,1.4502,5.1157,-0.1590,-0.0890
12.6417,1,1.5660,5.6027,-0.1630,-0.0850
12.6682,1,1.6678,5.7154,-0.1640,-0.0830
12.6760,1,1.7853,7.5109,-0.1590,-0.0800
12.7353,1,1.6809,6.2170,-0.1530,-0.0710
12.7452,1,1.6596,4.7208,-0.1540,-0.0440
12.7747,1,1.5308,2.1035,-0.1460,-0.0440
12.7918,1,1.4371,0.2382,-0.1410,-0.0480
12.8237,1,1.3866,-3.0654,-0.1340,-0.0560
12.8361,1,1.3358,-3.5371,-0.1280,-0.0580
12.8624,1,1.1836,-4.2662,-0.1270,-0.0520
12.8848,1,1.0382,-4.6929,-0.1240,-0.0500
12.9081,1,1.0162,-3.7853,-0.1250,-0.0510
12.9416,1,0.9119,-4.0929,-0.1290,-0.0480
12.9960,1,0.7782,-3.7604,-0.1360,-0.0560
13.0217,1,0.6358,-3.7130,-0.1440,-0.0750
13.0657,1,0.5529,-2.7878,-0.1490,-0.0860
13.1255,1,0.4775,-2.8518,-0.1160,-0.1200
13.1387,1,0.3651,-3.9282,-0.1100,-0.1390
13.1461,1,0.3193,-4.6769,-0.2210,-0.0020
13.1767,1,0.2888,-3.7688,-0.1050,-0.1600
13.1893,1,0.2888,-3.3926,-0.1040,-0.1690
13.2176,1,0.2734,-3.2483,-0.1030,-0.1730
13.2850,1,0.2427,-1.6394,-0.2720,-0.3350
13.3511,1,0.2120,-0.4920,-0.0950,-0.1600
13.3796,1,0.2043,-0.3462,-0.0900,-0.1680
13.3978,1,0.1657,-0.7701,-0.0900,-0.1670
13.4172,1,0.1270,-1.0614,-0.0890,-0.1640
13.4216,1,0.0884,-2.7228,-0.0880,-0.1630
13.4330,1,0.0652,-3.0354,-0.0880,-0.1630
13.4591,1,0.0419,-3.1595,-0.0870,-0.1630
13.4619,1,0.0187,-4.4149,-0.0880,-0.1620
13.4824,1,0.0187,-4.0156,-0.0880,-0.1610
13.5041,1,0.0187,-2.2630,-0.0870,-0.1590
13.5304,1,0.0187,-1.8575,-0.0870,-0.1560
13.5582,1,0.0187,-1.6793,-0.0870,-0.1500
13.5918,1,0.0187,0.0000,-0.0870,-0.1460
13.6051,1,0.0187,0.0000,-0.0870,-0.1430
13.6557,1,0.0187,0.0000,-0.0910,-0.1350
13.6779,1,0.0187,0.0000,-0.0930,-0.1250
13.7079,1,0.0187,0.0000,-0.0930,-0.1200
13.7313,1,0.0187,0.0000,-0.0950,-0.1140
13.7531,1,0.0187,0.0000,-0.0950,-0.1060
13.8098,1,0.0187,0.0000,-0.0930,-0.0990
13.8513,1,0.0187,0.0000,-0.0950,-0.0960
13.8581,1,0.0187,0.0000,-0.0950,-0.0960
13.8907,1,0.0187,0.0000,-0.0990,-0.0940
13.9044,1,0.0187,0.0000,-0.1040,-0.0900
13.9292,1,0.0187,0.0000,-0.1110,-0.0830
13.9529,1,0.0187,0.0000,-0.1230,-0.0750
13.9803,1,0.0187,0.0000,-0.1260,-0.0580
13.9984,1,0.0187,0.0000,-0.1240,-0.0510
14.0293,1,0.0187,0.0000,-0.1210,-0.0660
14.0511,1,0.0187,0.0000,-0.1210,-0.0760
14.0549,1,0.0187,0.0000,-0.1310,-0.0780
14.0647,1,0.0187,0.0000,-0.1420,-0.0790
14.0988,1,0.0187,0.0000,-0.1670,-0.0830
14.1641,1,0.0187,0.0000,-0.1860,-0.1030
14.1689,1,0.0187,0.0000,-0.1900,-0.1000
14.1808,1,0.0187,0.0000,-0.1930,-0.0980
14.2067,1,0.0187,0.0000,-0.1950,-0.0950
14.2093,1,0.0187,0.0000,-0.1950,-0.0960
14.2271,1,0.0187,0.0000,-0.1990,-0.0910
14.2536,1,0.0187,0.0000,-0.2030,-0.0910
14.2697,1,0.0187,0.0000,-0.2040,-0.0850
14.2924,1,0.0650,0.4077,-0.1980,-0.0900
14.3036,1,0.1493,1.9183,-0.1870,-0.0980
14.3215,1,0.2787,3.3595,-0.1860,-0.1030
14.3388,1,0.4377,5.1972,-0.1850,-0.1070
14.3408,1,0.5893,20.4591,-0.1820,-0.1130
14.3501,1,0.7112,22.6899,-0.1790,-0.1180
14.4237,1,0.9111,21.7221,-0.1730,-0.1100
14.4314,1,1.2745,29.7805,-0.1590,-0.1130
14.4645,1,1.5861,29.8256,-0.1510,-0.1220
14.4778,1,1.8545,18.6017,-0.1320,-0.1140
14.5105,1,2.1506,17.7721,-0.1240,-0.1110
14.5472,1,2.4765,19.0043,-0.1110,-0.1160
14.5807,1,2.6577,10.5869,-0.1070,-0.1450
14.6259,1,2.6306,8.5845,-0.1110,-0.1820
14.6526,1,2.5693,4.0866,-0.1290,-0.1790
14.6712,2,2.5008,1.5439,-0.1360,-0.1750
14.7049,2,2.4120,-0.7585,-0.1470,-0.1700
14.7406,2,2.2603,-2.6909,-0.1490,-0.1640
14.7684,2,2.0791,-3.8725,-0.1440,-0.1600
14.7738,2,1.9261,-9.1146,-0.1430,-0.1620
14.7874,2,1.8213,-9.9263,-0.1410,-0.1670
14.8205,2,1.7584,-9.7793,-0.1270,-0.1740
14.8474,2,1.6313,-9.8717,-0.1240,-0.1710
14.8656,2,1.5455,-9.5160,-0.1180,-0.1650
14.8942,2,1.5167,-4.0153,-0.1100,-0.1540
14.9015,2,1.4664,-3.8532,-0.1020,-0.1530
14.9124,2,1.4235,-4.2600,-0.0950,-0.1510
14.9241,2,1.3376,-4.7809,-0.0900,-0.1520
14.9345,2,1.3014,-4.5343,-0.0870,-0.1520
14.9481,2,1.2796,-4.6544,-0.0850,-0.1520
14.9725,2,1.2359,-3.6294,-0.0840,-0.1520
14.9764,2,1.1774,-5.8322,-0.0830,-0.1520
14.9813,2,1.1045,-7.3313,-0.0810,-0.1530
15.0078,2,1.0607,-6.9630,-0.0740,-0.1560
15.0301,2,1.0388,-6.8385,-0.0650,-0.1630
15.0540,2,0.9946,-6.8495,-0.0600,-0.1660
15.0606,2,0.9651,-4.7523,-0.0630,-0.1660
15.0892,2,0.9281,-2.0485,-0.0640,-0.1650
15.0924,2,0.8835,-4.5684,-0.0650,-0.1640
15.0953,2,0.8315,-7.8596,-0.0650,-0.1630
15.1068,2,0.7723,-8.5233,-0.0650,-0.1630
15.1269,2,0.7350,-8.0024,-0.0640,-0.1630
15.1316,2,0.6977,-9.3172,-0.0620,-0.1640
15.1653,2,0.6601,-6.6894,-0.0590,-0.1660
15.1775,2,0.6225,-3.8170,-0.0560,-0.1710
15.2159,2,0.5620,-3.0988,-0.0550,-0.1750
15.2338,2,0.4786,-3.6603,-0.0580,-0.1810
15.2610,2,0.4179,-2.5333,-0.0620,-0.1840
15.3008,2,0.3573,-2.6152,-0.0630,-0.1870
15.3370,2,0.2807,-2.4222,-0.0670,-0.1890
15.3497,2,0.2349,-2.8307,-0.0660,-0.1920
15.3844,2,0.2119,-2.0302,-0.0540,-0.1920
15.3937,2,0.2119,-1.5836,-0.0480,-0.1950
15.4237,2,0.2042,-1.3298,-0.0450,-0.2000
15.4421,2,0.2119,-0.8240,-0.0390,-0.2090
15.4739,2,0.2581,0.1904,-0.0330,-0.2150
15.5082,2,0.2426,0.2331,-0.0320,-0.2120
15.5363,2,0.2272,0.1231,-0.0310,-0.2120
15.5544,2,0.2118,0.0037,-0.0270,-0.2110
15.5865,2,0.1886,-0.2235,-0.0210,-0.2140
15.6055,2,0.1502,-0.9191,-0.0160,-0.2220
15.6351,2,0.1118,-1.0889,-0.0110,-0.2340
15.6739,2,0.1118,-0.9789,-0.0080,-0.2440
15.6823,2,0.1118,-0.8086,-0.0010,-0.2450
15.7091,2,0.1118,-0.6645,0.0060,-0.2480
15.7324,2,0.1118,-0.2597,0.0140,-0.2510
15.7580,2,0.1118,0.0000,0.0200,-0.2530
15.7721,2,0.1118,0.0000,0.0210,-0.2490
15.8068,2,0.1118,0.0000,0.0280,-0.2550
15.8433,2,0.1118,0.0000,0.0260,-0.2550
15.8465,2,0.1118,0.0000,0.0260,-0.2540
15.8799,2,0.1118,0.0000,0.0220,-0.2490
15.8879,2,0.1118,0.0000,0.0230,-0.2480
15.9239,2,0.1118,0.0000,0.0240,-0.2440
15.9507,2,0.1118,0.0000,0.0250,-0.2400
16.0212,2,0.1118,0.0000,0.0250,-0.2380
16.0248,2,0.1118,0.0000,0.0210,-0.2360
16.0282,2,0.1118,0.0000,0.0180,-0.2350
16.0747,2,0.1118,0.0000,0.0150,-0.2340
16.0783,2,0.1118,0.0000,0.0110,-0.2340
16.0832,2,0.1118,0.0000,0.0060,-0.2330
16.0948,2,0.1118,0.0000,-0.0100,-0.2220
16.1259,2,0.1118,0.0000,-0.0130,-0.2050
16.1413,2,0.1118,0.0000,-0.0240,-0.1930
16.1665,2,0.1118,0.0000,-0.0460,-0.1930
16.2196,2,0.1118,0.0000,-0.0690,-0.2380
16.2473,2,0.1118,0.0000,-0.0920,-0.2020
16.2937,2,0.1118,0.0000,-0.0970,-0.2070
16.3361,2,0.1118,0.0000,0.0060,-0.3720
16.4147,2,0.2479,0.3462,-0.0950,-0.2090
16.4263,2,0.4061,3.0602,-0.0870,-0.2070
16.4510,2,0.4824,3.6786,-0.0730,-0.2110
16.4899,2,0.6626,4.6045,-0.0610,-0.2170
16.4963,2,0.9572,13.8734,-0.0580,-0.2210
16.5295,2,1.4162,16.2927,-0.0640,-0.2140
16.5603,2,1.7392,15.6769,-0.0600,-0.2110
16.5760,2,2.0400,18.8877,-0.0540,-0.2100
16.6075,2,2.4294,20.4358,-0.0490,-0.2110
16.6210,2,2.7216,15.4729,-0.0450,-0.2160
16.6492,2,2.8927,13.9240,-0.0490,-0.2170
16.6818,2,2.8927,11.8259,-0.0580,-0.2160
16.7074,2,2.8860,7.9445,-0.0610,-0.2240
16.7635,2,2.8525,5.3507,-0.0730,-0.2120
16.7708,3,2.8122,-0.0630,-0.0770,-0.1940
16.8050,3,2.7381,-1.7131,-0.0720,-0.1880
16.8175,3,2.6434,-3.2284,-0.0660,-0.1860
16.8890,3,2.5139,-3.5385,-0.2120,-0.0790
16.9458,3,2.3066,-4.1488,-0.0790,-0.1850
16.9588,3,2.1118,-6.0407,-0.0910,-0.1590
16.9656,3,1.9099,-11.5214,-0.0940,-0.1540
16.9771,3,1.7352,-13.0351,-0.0930,-0.1530
17.0003,3,1.5661,-14.1329,-0.0960,-0.1450
17.0289,3,1.4167,-14.4493,-0.0930,-0.1420
17.0473,3,1.3518,-12.1524,-0.0880,-0.1390
17.0715,3,1.3302,-6.4169,-0.0860,-0.1320
17.1078,3,1.3302,-3.3878,-0.0820,-0.1250
17.1109,3,1.3302,-1.9279,-0.0770,-0.1190
17.1147,3,1.3518,0.2419,-0.0730,-0.1150
17.1257,3,1.3880,1.6038,-0.0680,-0.1100
17.1497,3,1.4098,1.9643,-0.0580,-0.1020
17.1776,3,1.4026,1.9125,-0.0530,-0.0930
17.1972,3,1.3810,1.6924,-0.0500,-0.0800
17.2321,3,1.3593,0.4449,-0.0460,-0.0710
17.2406,3,1.3449,-0.5513,-0.0400,-0.0630
17.2606,3,1.3521,-0.6612,-0.0370,-0.0550
17.2637,3,1.3737,0.7732,-0.0360,-0.0510
17.2782,3,1.3954,1.2916,-0.0360,-0.0470
17.3129,3,1.4026,1.4575,-0.0350,-0.0330
17.3410,3,1.4026,1.7946,-0.0360,-0.0260
17.3584,3,1.3881,1.5568,-0.0370,-0.0190
17.3846,3,1.3520,-0.1020,-0.0350,-0.0160
17.4017,3,1.3159,-0.8238,-0.0390,-0.0090
17.4295,3,1.2797,-1.1252,-0.0390,-0.0070
17.4694,3,1.2507,-1.2705,-0.0400,-0.0070
17.4816,3,1.2216,-1.5811,-0.0400,-0.0020
17.5160,3,1.1925,-1.4746,-0.0380,0.0010
17.5516,3,1.1412,-1.3392,-0.0380,0.0010
17.5622,3,1.0824,-2.1840,-0.0400,-0.0010
17.5889,3,1.0163,-2.5341,-0.0430,-0.0010
17.6272,3,0.9351,-2.4822,-0.0440,-0.0020
17.6453,3,0.8386,-3.3812,-0.0450,-0.0130
17.6857,3,0.7192,-3.6845,-0.0500,-0.0270
17.7005,3,0.6519,-3.4882,-0.0580,-0.0280
17.7229,3,0.5920,-3.5262,-0.0600,-0.0330
17.7597,3,0.5016,-3.5934,-0.0640,-0.0370
17.7688,3,0.4334,-4.0339,-0.1950,-0.1690
17.8151,3,0.4183,-3.5079,-0.0670,-0.0530
17.8454,3,0.4335,-2.4993,-0.0630,-0.0600
17.8502,3,0.4259,-2.2826,-0.0650,-0.0630
17.8618,3,0.4108,-2.0520,-0.0670,-0.0630
17.8783,3,0.4337,-0.2655,-0.0690,-0.0610
17.8840,3,0.4106,-1.0102,-0.0710,-0.0590
17.8968,3,0.3571,-1.9407,-0.0730,-0.0550
17.9310,3,0.3343,-1.7577,-0.0760,-0.0480
17.9640,3,0.3114,-1.6347,-0.0760,-0.0480
17.9751,3,0.2422,-3.1643,-0.0760,-0.0490
18.0140,3,0.2194,-2.4719,-0.0750,-0.0500
18.0165,3,0.2271,-1.0371,-0.0740,-0.0510
18.0208,3,0.2348,-0.5401,-0.0740,-0.0510
18.0227,3,0.1808,-6.0276,-0.0750,-0.0500
18.0331,3,0.1269,-5.8164,-0.0770,-0.0480
18.0535,3,0.1501,-5.4708,-0.0790,-0.0450
18.0586,3,0.1271,-6.9767,-0.0810,-0.0420
18.0887,3,0.1116,-7.4425,-0.0840,-0.0380
18.1019,3,0.0885,-2.1678,-0.0850,-0.0360
18.1270,3,0.1194,-0.8795,-0.0870,-0.0330
18.1362,3,0.1504,-0.4338,-0.0880,-0.0300
18.1678,3,0.1349,0.3695,-0.0900,-0.0280
18.1715,3,0.1194,-0.3625,-0.0910,-0.0250
18.1735,3,0.1117,-0.7949,-0.0920,-0.0230
18.1820,3,0.1271,-0.6791,-0.0920,-0.0220
18.2062,3,0.1117,-1.4801,-0.0930,-0.0220
18.2444,3,0.1040,-1.4225,-0.0970,-0.0170
18.2624,3,0.1117,-0.5017,-0.1020,-0.0190
18.2907,3,0.1117,0.2817,-0.1070,-0.0240
18.3229,3,0.1195,-0.0332,-0.1130,-0.0350
18.3314,3,0.1040,-0.2694,-0.1260,-0.0420
18.3597,3,0.0963,-0.2837,-0.1440,-0.0590
18.3774,3,0.0808,-0.5454,-0.1590,-0.0760
18.4144,3,0.0730,-0.5873,-0.1620,-0.0760
18.4529,3,0.0730,-0.6354,-0.1520,-0.0760
18.4608,3,0.0653,-0.4676,-0.1440,-0.0750
18.5121,3,0.0653,-0.4129,-0.1380,-0.0760
18.5141,3,0.0885,2.0715,-0.1280,-0.0750
18.5260,3,0.1575,3.2719,-0.1140,-0.0800
18.5623,3,0.3454,4.3088,-0.1010,-0.0870
18.6072,3,0.4966,5.1782,-0.0810,-0.0800
18.6308,3,0.7062,6.9510,-0.0520,-0.0830
18.6713,3,1.1259,6.7182,-0.0420,-0.0780
18.6760,3,1.5292,22.4843,-0.0360,-0.0720
18.7086,3,1.7905,23.0502,-0.0390,-0.0570
18.7446,3,1.9399,23.2071,-0.0390,-0.0440
18.7554,3,2.1260,24.8752,-0.0390,-0.0470
18.7927,3,2.2187,23.2961,-0.0400,-0.0550
18.8028,3,2.0731,3.4794,-0.0440,-0.0560
18.8702,4,1.9560,1.5292,-0.0540,-0.0450
18.9048,4,1.9140,0.4555,-0.0480,-0.0510
18.9075,4,1.8008,-11.1494,-0.0520,-0.0620
18.9117,4,1.6876,-17.0837,-0.0550,-0.0690
18.9158,4,1.5804,-19.4714,-0.0580,-0.0740
18.9426,4,1.4649,-19.9855,-0.0600,-0.0770
18.9447,4,1.3214,-33.5279,-0.0610,-0.0790
18.9526,4,1.1991,-28.4283,-0.0600,-0.0820
18.9650,4,1.1483,-23.8141,-0.0580,-0.0860
18.9919,4,1.0974,-18.9121,-0.0550,-0.1000
19.0096,4,1.0387,-18.7129,-0.0530,-0.1150
19.0456,4,1.0017,-5.1333,-0.0500,-0.1300
19.0701,4,1.0091,-2.0091,-0.0460,-0.1370
19.0909,4,0.9870,-1.3985,-0.0400,-0.1420
19.1129,4,0.9203,-1.6248,-0.0340,-0.1490
19.1569,4,0.8761,-1.1635,-0.0190,-0.1550
19.2055,4,0.8313,-1.1421,-0.0060,-0.1610
19.2365,4,0.8164,-1.2983,0.0080,-0.1790
19.2513,4,0.7045,-2.5945,0.0080,-0.1860
19.2781,4,0.6221,-2.6066,0.0090,-0.1910
19.3224,4,0.5769,-2.6094,0.0070,-0.1980
19.3672,4,0.5093,-2.7268,0.0020,-0.2040
19.3764,4,0.4790,-3.2861,-0.0030,-0.2040
19.4219,4,0.4338,-1.9766,-0.0050,-0.2020
19.4260,4,0.4338,-1.3605,-0.0080,-0.2040
19.4676,4,0.4338,-1.1566,-0.0120,-0.2070
19.4958,4,0.4338,-0.8546,-0.0080,-0.2120
19.5151,4,0.4338,-0.1990,-0.0020,-0.2190
19.5442,4,0.4338,0.0000,-0.0010,-0.2280
19.5602,4,0.4338,0.0000,-0.0050,-0.2340
19.5863,4,0.4338,0.0000,-0.0140,-0.2340
19.6304,4,0.4338,0.0000,-0.0240,-0.2290
19.6339,4,0.4338,0.0000,-0.0430,-0.2160
19.6626,4,0.4338,0.0000,-0.0560,-0.2080
19.7195,4,0.4338,0.0000,-0.1040,-0.1860
19.7512,4,0.4338,0.0000,-0.1100,-0.1900
19.7665,4,0.4338,0.0000,-0.1150,-0.2000
19.7864,4,0.4338,0.0000,-0.1170,-0.2050
19.7891,4,0.4338,0.0000,-0.1240,-0.2120
19.8000,4,0.4338,0.0000,-0.1270,-0.2160
19.8142,4,0.4338,0.0000,-0.1290,-0.2200
19.8309,4,0.4338,0.0000,-0.1290,-0.2230
19.8355,4,0.4338,0.0000,-0.1280,-0.2250
19.8475,4,0.4338,0.0000,-0.1260,-0.2260
19.8801,4,0.4109,-0.1402,-0.1120,-0.2220
19.9160,4,0.4033,-0.1826,-0.0850,-0.2510
19.9499,4,0.3651,-0.4084,-0.0590,-0.2740
19.9608,4,0.4178,0.5613,-0.0430,-0.2840
19.9970,4,0.6446,1.8140,-0.0310,-0.2840
20.0069,4,0.8573,6.2394,-0.0200,-0.2760
20.0337,4,1.0139,7.4508,-0.0110,-0.2680
20.0689,4,1.1407,8.3967,-0.0030,-0.2600
20.0885,4,1.3199,9.2572,0.0000,-0.2610
20.1180,4,1.3644,8.3059,-0.0020,-0.2670
20.1932,4,1.2421,3.6953,-0.0250,-0.2610
20.2477,5,0.9988,1.6348,-0.0490,-0.2200
20.2762,5,0.8422,-0.1853,-0.0560,-0.2170
20.2952,5,0.7002,-3.5097,-0.0600,-0.2160
20.3176,5,0.5132,-5.4861,-0.0610,-0.2180
20.3404,5,0.3701,-6.4112,-0.0610,-0.2200
20.3735,5,0.2042,-6.5250,-0.0630,-0.2240
20.3977,5,0.1733,-5.6796,-0.0630,-0.2230
20.4253,5,0.1348,-4.4650,-0.0560,-0.2220
20.4438,5,0.0962,-3.2064,-0.0420,-0.2270
20.4717,5,0.0808,-2.0667,-0.0310,-0.2360
20.4887,5,0.0653,-1.2430,-0.0330,-0.2380
20.5231,5,0.0653,-0.9883,-0.0370,-0.2330
20.5548,5,0.0653,-0.7088,-0.0320,-0.2310
20.5697,5,0.0653,-0.2923,-0.0280,-0.2350
20.5982,5,0.0653,-0.1814,-0.0270,-0.2380
20.6407,5,0.0653,0.0000,-0.0280,-0.2360
20.6498,5,0.0653,0.0000,-0.0270,-0.2320
20.6836,5,0.0653,0.0000,-0.0230,-0.2290
20.7259,5,0.0653,0.0000,-0.0200,-0.2280
20.7300,5,0.0653,0.0000,-0.0160,-0.2300
20.8088,5,0.0653,0.0000,-0.0050,-0.2320
20.8282,5,0.0653,0.0000,-0.0010,-0.2330
20.8436,5,0.0653,0.0000,0.0000,-0.2350
20.8489,5,0.0653,0.0000,-0.0010,-0.2370
20.8804,5,0.0653,0.0000,-0.0080,-0.2390
20.9103,5,0.0653,0.0000,-0.0160,-0.2330
20.9319,5,0.0653,0.0000,-0.0210,-0.2250
20.9655,5,0.0653,0.0000,-0.0240,-0.2160
20.9823,5,0.0653,0.0000,-0.0250,-0.2120
21.0166,5,0.0653,0.0000,-0.0280,-0.2110
21.0276,5,0.0653,0.0000,-0.0310,-0.2090
21.0570,5,0.0653,0.0000,-0.0340,-0.2080
21.0975,5,0.0653,0.0000,-0.0380,-0.2070
21.1213,5,0.0653,0.0000,-0.0440,-0.2040
21.1431,5,0.0653,0.0000,-0.0450,-0.2030
21.1875,5,0.0653,0.0000,-0.0490,-0.1990
21.1911,5,0.0653,0.0000,-0.0530,-0.1920
21.2253,5,0.0653,0.0000,-0.0580,-0.1840
21.2345,5,0.0653,0.0000,-0.0620,-0.1740
21.2714,5,0.0653,0.0000,-0.0610,-0.1680
21.2820,5,0.0653,0.0000,-0.0620,-0.1580
21.3097,5,0.0653,0.0000,-0.0580,-0.1550
21.3279,5,0.0653,0.0000,-0.0550,-0.1540
21.3506,5,0.0653,0.0000,-0.0520,-0.1550
21.4290,5,0.0653,0.0000,-0.0510,-0.1570
21.4716,5,0.0653,0.0000,-0.0540,-0.1540
21.4758,5,0.0653,0.0000,-0.0550,-0.1460
21.5039,5,0.0653,0.0000,-0.0540,-0.1390
21.5223,5,0.0653,0.0000,-0.0520,-0.1360
21.5573,5,0.0653,0.0000,-0.0500,-0.1340
21.5685,5,0.0653,0.0000,-0.0490,-0.1310
21.6298,5,0.0653,0.0000,-0.0490,-0.1310
21.6540,5,0.0653,0.0000,-0.0470,-0.1340
21.6807,5,0.0653,0.0000,-0.0460,-0.1350
21.6971,5,0.0653,0.0000,-0.0460,-0.1360
21.7349,5,0.0653,0.0000,-0.0450,-0.1370
21.7412,5,0.0653,0.0000,-0.0420,-0.1390
21.7711,5,0.0653,0.0000,-0.0390,-0.1380
21.7847,5,0.0653,0.0000,-0.0380,-0.1370
21.8137,5,0.0653,0.0000,-0.0380,-0.1360
21.8340,5,0.0653,0.0000,-0.0380,-0.1350
21.8650,5,0.0653,0.0000,-0.0400,-0.1330
21.9019,5,0.0653,0.0000,-0.0610,-0.1460
21.9403,5,0.0653,0.0000,-0.1150,-0.1230
21.9457,5,0.0653,0.0000,-0.1590,-0.1130
21.9781,5,0.0653,0.0000,-0.1700,-0.1350
21.9919,5,0.0653,0.0000,-0.1540,-0.1430
22.0191,5,0.0653,0.0000,-0.1440,-0.1330
22.0259,5,0.0653,0.0000,-0.1310,-0.1260
22.0516,5,0.0653,0.0000,-0.1290,-0.1060
22.0732,5,0.0653,0.0000,-0.1130,-0.1020
22.1025,5,0.1419,0.5225,-0.0990,-0.0970
22.1188,5,0.2109,1.3719,-0.0920,-0.0940
22.1419,5,0.3841,2.8727,-0.0930,-0.0920
22.1837,5,0.8576,5.1367,-0.0910,-0.0960
22.1987,5,1.6314,15.4454,-0.0840,-0.1150
22.2238,5,2.7225,23.6104,-0.0480,-0.1480
22.2643,5,4.2719,30.4180,-0.0410,-0.1520
22.2689,5,6.1377,111.0156,-0.0260,-0.1560
22.3006,5,8.3290,122.5618,-0.0080,-0.1680
22.3478,5,10.6341,122.0096,0.1540,-0.3410
22.3595,5,12.7024,148.8230,0.1600,-0.3450
22.3795,5,14.5434,159.5458,0.1640,-0.3480
22.3829,5,15.8496,154.0178,0.1670,-0.3500
22.4265,5,16.8548,144.8233,0.1670,-0.3580
22.4699,5,17.5036,138.0592,0.0550,-0.2540
22.5513,5,17.7919,103.2662,0.0380,-0.2960
22.6019,5,18.0205,85.7902,0.0220,-0.2810
22.6068,5,18.1703,15.3438,0.0210,-0.2690
22.6251,5,18.3202,12.3681,0.0190,-0.2560
22.6580,5,18.4546,10.1913,0.0280,-0.2450
22.6967,5,18.5157,9.7995,0.0340,-0.2490
22.7340,5,18.5461,9.0582,0.0270,-0.2320
22.7397,5,18.5764,4.0117,0.0170,-0.2220
22.7882,6,18.5954,2.4499,0.0170,-0.2240
22.8426,6,18.6219,1.7316,0.0050,-0.2080
22.9238,6,18.6673,1.5275,0.0000,-0.1780
22.9334,6,18.7090,2.2319,-0.0090,-0.1550
22.9572,6,18.7316,1.3445,-0.0080,-0.1420
22.9975,6,18.7618,1.4163,-0.0090,-0.1330
23.0034,6,18.7920,2.3420,-0.0130,-0.1250
23.0341,6,18.8184,2.4022,-0.0140,-0.1230
23.0377,6,18.8335,2.3596,-0.0090,-0.1270
23.0564,6,18.8523,2.3720,-0.0100,-0.1310
23.0598,6,18.8674,3.1109,-0.0110,-0.1320
23.0830,6,18.8749,2.1525,-0.0120,-0.1330
23.0860,6,18.8825,2.4750,-0.0140,-0.1330
23.1189,6,18.8937,1.7192,-0.0130,-0.1360
23.1273,6,18.9088,1.8746,-0.0060,-0.1410
23.1650,6,18.9238,1.0657,0.0030,-0.1490
23.1747,6,18.9388,1.3112,0.0100,-0.1520
23.1997,6,18.9388,0.8165,0.0190,-0.1530
23.2078,6,18.9351,0.6550,0.0350,-0.1640
23.2198,6,18.9200,0.0454,0.0470,-0.1700
23.2441,6,18.8937,-0.2505,0.0590,-0.1760
23.2551,6,18.8220,-1.8727,0.0830,-0.1790
23.2810,6,18.7502,-2.4264,0.1080,-0.1830
23.2994,6,18.5125,-4.9140,0.1050,-0.1980
23.3249,6,18.1721,-7.3360,0.0740,-0.2020
23.3624,6,17.6121,-10.1004,0.0290,-0.2040
23.3672,6,16.8959,-38.7861,-0.0100,-0.1850
23.3691,6,16.2250,-107.8499,-0.0310,-0.1790
23.3796,6,15.4682,-119.6788,-0.0460,-0.1750
23.3997,6,14.8013,-123.6662,-0.0560,-0.1740
23.4158,6,14.0616,-129.8538,-0.0600,-0.1780
23.4390,6,13.5451,-104.3007,-0.0590,-0.1830
23.4755,6,12.6013,-39.8636,-0.0620,-0.1850
23.4828,6,11.5686,-53.6093,-0.0600,-0.1890
23.5546,6,10.1771,-50.8258,-0.2280,-0.0780
23.5582,6,8.8492,-116.0221,-0.2440,-0.0860
23.5773,6,7.7184,-123.3746,-0.2490,-0.0870
23.6033,6,6.5580,-127.1315,-0.2530,-0.0970
23.6370,6,5.8988,-102.8884,-0.2650,-0.1010
23.6452,6,5.3222,-113.0429,-0.2780,-0.1050
23.6946,6,5.1844,-39.2371,-0.2840,-0.1100
23.7024,6,5.0703,-30.3630,-0.2890,-0.1170
23.7072,6,4.9385,-26.8339,-0.2990,-0.1150
23.7410,6,4.8178,-23.6372,-0.3130,-0.1030
23.7475,6,4.7873,-10.5344,-0.3140,-0.0860
23.7789,6,4.7934,-9.9372,-0.3070,-0.0730
23.7927,6,4.8177,-6.6618,-0.3000,-0.0580
23.8271,6,4.8481,-1.0768,-0.2960,-0.0460
23.8391,6,4.8603,-0.1589,-0.2970,-0.0380
23.8753,6,4.8908,0.9392,-0.3150,-0.0240
23.9406,6,4.9213,0.9939,-0.2060,-0.1040
23.9842,6,5.1110,1.5124,-0.1920,-0.0930
23.9867,6,5.2886,15.0596,-0.1900,-0.0880
24.0211,6,5.6906,17.1998,-0.1780,-0.0680
24.0336,6,6.1920,25.0056,-0.1680,-0.0560
24.0594,6,6.8924,30.3593,-0.1520,-0.0450
24.0695,6,7.6791,45.0538,-0.1380,-0.0390
24.0988,6,8.4534,36.6118,-0.1340,-0.0330
24.1029,6,9.3848,79.4477,-0.1290,-0.0290
24.1067,6,10.0858,108.4851,-0.1250,-0.0270
24.1150,6,10.7845,119.7717,-0.1210,-0.0240
24.1369,6,11.4873,110.6339,-0.1170,-0.0190
24.1406,6,12.1743,143.0672,-0.1120,-0.0130
24.1489,6,12.6838,110.0784,-0.1070,-0.0090
24.1743,6,13.2125,77.2347,-0.1020,-0.0070
24.1961,6,13.8625,66.4572,-0.0840,-0.0050
24.2189,6,14.5034,65.6644,-0.0610,-0.0380
24.2480,6,14.9940,31.3140,-0.0670,-0.0420
24.2631,6,15.4385,25.0204,-0.0710,-0.0500
24.2886,6,15.9111,24.5540,-0.0690,-0.0550
24.3212,6,16.2355,20.5899,-0.0690,-0.0620
24.3324,6,16.4426,18.6378,-0.0750,-0.0720
24.3605,6,16.5799,16.2516,-0.0680,-0.0790
24.3927,6,16.6643,10.8797,-0.0750,-0.0940
24.4011,6,16.7244,8.6146,-0.0800,-0.0880
24.4307,6,16.7604,6.8650,-0.0830,-0.0770
24.4509,6,16.7684,3.2614,-0.0780,-0.0720
24.4782,7,16.7724,2.3118,-0.0750,-0.0650
24.4967,7,16.7764,1.8306,-0.0760,-0.0590
24.5319,7,16.7843,0.4392,-0.0780,-0.0470
24.5408,7,16.7923,0.3750,-0.0750,-0.0440
24.5647,7,16.7963,0.3295,-0.0800,-0.0420
24.6417,7,16.8003,0.3106,-0.0910,-0.0410
24.7201,7,16.8003,0.2675,-0.0840,-0.0090
24.7334,7,16.7963,0.1624,-0.0910,0.0130
24.7604,7,16.7723,-0.1938,-0.0900,0.0280
24.7994,7,16.7203,-0.4939,-0.0860,0.0410
24.8032,7,16.6441,-4.5338,-0.0800,0.0460
24.8373,7,16.5152,-5.2887,-0.0660,0.0320
24.8481,7,16.3699,-7.9273,-0.0740,0.0360
24.8769,7,16.1379,-9.3584,-0.0770,0.0340
24.9170,7,15.8127,-10.7141,-0.0790,0.0250
24.9220,7,15.4731,-20.3157,-0.0900,0.0170
24.9535,7,15.0192,-22.4405,-0.1050,0.0180
24.9578,7,14.5741,-40.5247,-0.1160,0.0230
24.9771,7,14.0601,-44.2441,-0.1160,0.0350
25.0018,7,13.5644,-46.6330,-0.1000,0.0260
25.0358,7,13.0060,-36.2821,-0.0780,0.0090
25.0433,7,12.4380,-48.6838,-0.0770,0.0010
25.0799,7,11.9218,-30.7228,-0.0910,0.0090
25.0894,7,11.3512,-37.4378,-0.1010,0.0200
25.1236,7,10.6772,-37.3649,-0.1050,0.0150
25.1525,7,10.0235,-38.6126,-0.1110,0.0040
25.1935,7,9.4941,-25.9100,-0.1280,0.0090
25.2292,7,8.9903,-25.9147,-0.1230,0.0030
25.2744,7,8.5571,-15.7870,-0.1210,0.0020
25.3027,7,8.2169,-14.2517,-0.1370,0.0100
25.3216,7,8.0586,-11.3958,-0.1420,0.0120
25.3470,7,7.9363,-9.7826,-0.1510,0.0110
25.3673,7,7.8614,-7.6930,-0.1690,0.0150
25.3882,7,7.8131,-6.2395,-0.1880,0.0250
25.4023,7,7.7809,-4.2921,-0.2030,0.0280
25.4196,7,7.7486,-2.9948,-0.1970,0.0280
25.4563,7,7.7432,-2.0584,-0.1640,0.0020
25.4693,7,7.7755,-0.8259,-0.1550,-0.0100
25.5023,7,7.8344,-0.0066,-0.1610,-0.0030
25.5143,7,7.9462,2.3135,-0.1620,0.0110
25.5405,7,8.1670,4.3755,-0.1490,0.0280
25.5769,7,8.5840,6.6969,-0.1390,0.0480
25.5814,7,8.9849,24.0293,-0.1370,0.0590
25.5943,7,9.4180,30.3664,-0.1380,0.0640
25.6170,7,9.9728,33.3930,-0.1390,0.0660
25.6466,7,10.6187,36.0714,-0.1430,0.0860
25.6643,7,11.2867,41.3203,-0.1420,0.1040
25.6866,7,11.9264,29.2256,-0.1350,0.1130
25.7166,7,12.6605,27.4275,-0.1380,0.1310
25.7231,7,13.3789,44.6271,-0.1440,0.1370
25.7336,7,13.9952,52.0009,-0.1480,0.1440
25.7649,7,14.5258,47.8555,-0.1500,0.1580
25.7776,7,14.9336,48.5160,-0.1490,0.1710
25.8014,7,15.2160,45.9941,-0.1470,0.1830
25.8425,7,15.4613,25.0979,-0.1540,0.1940
25.8473,7,15.6929,22.8844,-0.1610,0.1940
25.8581,7,15.8903,23.1429,-0.1560,0.1870
25.8806,7,16.0536,18.2032,-0.1530,0.1790
25.8856,7,16.2087,22.0547,-0.1530,0.1730
25.9172,7,16.3346,21.6566,-0.1570,0.1730
25.9268,7,16.3994,13.4818,-0.1550,0.1810
25.9641,7,16.4317,10.0012,-0.1500,0.1930
25.9744,7,16.4519,8.9391,-0.1450,0.2030
26.0007,8,16.4519,2.7133,-0.1390,0.2020
26.0731,8,16.4639,1.9502,-0.1330,0.1990
26.1254,8,16.4478,0.5375,-0.1330,0.1880
26.1462,8,16.4236,0.1316,-0.1400,0.2060
26.1828,8,16.3832,-0.4821,-0.1490,0.2250
26.1918,8,16.3387,-1.4619,-0.1490,0.2330
26.2665,8,16.1961,-1.8774,-0.1370,0.2550
26.3202,8,15.9119,-2.8729,-0.1330,0.2800
26.3586,8,15.5584,-4.4850,-0.1210,0.2870
26.3659,8,15.1783,-14.6389,-0.1090,0.2780
26.4040,8,14.7043,-16.1485,-0.0990,0.2680
26.4095,8,14.1496,-35.7366,-0.1010,0.2780
26.4444,8,13.5708,-38.0015,-0.1150,0.2940
26.4550,8,13.0751,-45.5260,-0.1230,0.3000
26.4763,8,12.5799,-39.8044,-0.1200,0.2910
26.5198,8,11.9352,-40.2743,-0.1270,0.2760
26.5262,8,11.3542,-38.4856,-0.1410,0.2820
26.5567,8,10.7368,-39.2157,-0.1480,0.2870
26.5693,8,10.1862,-38.5667,-0.1490,0.2810
26.5930,8,9.6663,-38.2981,-0.1490,0.2700
26.5966,8,9.2356,-59.4110,-0.1510,0.2640
26.6044,8,8.9929,-47.4527,-0.1550,0.2600
26.6374,8,8.7996,-44.5734,-0.1560,0.2590
26.6408,8,8.7274,-40.0240,-0.1540,0.2590
26.6430,8,8.7066,-37.5980,-0.1520,0.2620
26.6859,8,8.7014,-13.5500,-0.1310,0.2600
26.7188,8,8.7066,-7.2950,-0.1140,0.2590
26.7450,8,8.7118,-6.0828,-0.1030,0.2590
26.7673,8,8.7170,-1.8652,-0.0910,0.2540
26.7924,8,8.7222,0.1351,-0.0820,0.2450
26.8270,8,8.7274,0.1894,-0.0980,0.2630
26.8669,8,8.7326,0.1838,-0.1340,0.2870
26.8822,8,8.7222,0.0086,-0.1610,0.3010
26.9126,8,8.7014,-0.1753,-0.1790,0.3080
26.9271,8,8.6858,-0.4318,-0.1930,0.3140
26.9496,8,8.6754,-0.5544,-0.2000,0.3140
26.9889,8,8.6806,-0.5540,-0.2010,0.3060
27.0296,8,8.7629,-0.0144,-0.2020,0.2900
27.0400,8,8.8810,2.3971,-0.1780,0.2690
27.0689,8,9.0797,3.9869,-0.1610,0.2560
27.1186,8,9.4977,5.7614,-0.1560,0.2500
27.1243,8,10.0418,24.8731,-0.1610,0.2540
27.1635,8,10.7658,28.1610,-0.1550,0.2470
27.1695,8,11.4703,49.3194,-0.1570,0.2410
27.1795,8,12.2013,62.5671,-0.1520,0.2440
27.2138,8,12.9955,65.5242,-0.1590,0.2470
27.2269,8,13.5876,55.3741,-0.1520,0.2460
27.2577,8,14.0481,54.6752,-0.1530,0.2530
27.2625,8,14.3723,44.8421,-0.1490,0.2650
27.2964,8,14.6807,32.0396,-0.1640,0.2830
27.3036,8,14.9487,34.7950,-0.1660,0.2710
27.3398,8,15.1163,26.7323,-0.1750,0.2340
27.3498,8,15.2710,26.8479,-0.1710,0.2040
27.3759,8,15.4258,14.4348,-0.1730,0.1920
27.3803,8,15.5173,16.7606,-0.1740,0.1850
27.3857,8,15.5671,11.1961,-0.1750,0.1860
27.3966,8,15.6002,10.8789,-0.1750,0.1920
27.4139,8,15.6002,7.7703,-0.1740,0.2000
27.4307,8,15.5795,6.3377,-0.1670,0.2030
27.4564,9,15.5630,2.0631,-0.1610,0.2030
27.4660,9,15.5547,0.0616,-0.1670,0.2030
27.4892,9,15.5465,-0.6177,-0.1650,0.2140
27.5336,9,15.5465,-0.6177,-0.1640,0.2340
27.5390,9,15.5465,-0.3715,-0.1590,0.2340
27.5912,9,15.5465,-0.2427,-0.1480,0.1900
27.6518,9,15.4966,-0.2357,-0.1290,0.1700
27.6873,9,15.3881,-0.7749,-0.1160,0.1560
27.7064,9,15.2288,-2.4432,-0.1120,0.1470
27.7331,9,14.9581,-4.4775,-0.1000,0.1250
27.7671,9,14.5690,-6.7607,-0.1050,0.1010
27.7848,9,14.1965,-10.8168,-0.1310,0.1100
27.8217,9,13.7074,-12.8552,-0.1350,0.1090
27.8321,9,13.2084,-20.8260,-0.1330,0.0900
27.8564,9,12.6949,-23.0210,-0.1380,0.0760
27.8945,9,12.2134,-23.2643,-0.1490,0.0810
27.9126,9,11.7588,-24.0713,-0.1530,0.1030
27.9360,9,11.2505,-25.7503,-0.1530,0.1110
27.9671,9,10.8350,-18.7893,-0.1570,0.1130
27.9827,9,10.4740,-19.1760,-0.1610,0.1130
28.0206,9,10.1634,-18.2904,-0.1620,0.1140
28.0300,9,9.9187,-18.4383,-0.1620,0.1140
28.0654,9,9.7555,-15.0339,-0.1610,0.1120
28.0741,9,9.6510,-14.7639,-0.1720,0.1260
28.1027,9,9.6109,-10.4277,-0.1810,0.1400
28.1203,9,9.5758,-9.1868,-0.1920,0.1590
28.1505,9,9.5506,-4.1780,-0.1930,0.1680
28.1646,9,9.5203,-3.6854,-0.1860,0.1630
28.1898,9,9.4951,-1.4771,-0.1790,0.1630
28.2320,9,9.4699,-1.3170,-0.1610,0.1600
28.2344,9,9.4497,-2.6138,-0.1600,0.1480
28.2672,9,9.4446,-2.4780,-0.1540,0.1400
28.2807,9,9.4446,-2.0471,-0.1420,0.1350
28.3074,9,9.4899,-1.5078,-0.1300,0.1330
28.3409,9,9.6247,-0.5826,-0.1250,0.1230
28.3478,9,9.8130,6.5735,-0.1330,0.1160
28.3864,9,10.1963,8.5907,-0.1470,0.1030
28.3933,9,10.5696,19.3533,-0.1570,0.0960
28.4319,9,11.0627,21.5684,-0.1650,0.0970
28.4415,9,11.5614,31.1530,-0.1680,0.1040
28.4692,9,12.0430,29.1676,-0.1700,0.1120
28.5057,9,12.4705,29.5251,-0.1750,0.1350
28.5660,9,12.7384,19.6510,-0.1620,0.1190
28.6352,9,12.9841,17.8071,-0.1600,0.1420
28.6640,9,13.1056,8.2603,-0.1520,0.1400
28.7104,9,13.1952,5.1722,-0.1430,0.1290
28.7265,9,13.2263,3.2140,-0.1330,0.1160
28.7497,10,13.2574,2.5941,-0.1290,0.1130
28.7806,10,13.2263,1.6822,-0.1280,0.1160
28.7970,10,13.1996,0.5133,-0.1210,0.1130
28.8356,10,13.1594,-0.0807,-0.1120,0.1040
28.8439,10,13.1104,-1.6476,-0.1010,0.0850
28.8735,10,13.0390,-2.3996,-0.0990,0.0750
28.8884,10,12.9541,-3.3331,-0.0950,0.0640
28.9255,10,12.8824,-3.3943,-0.0890,0.0500
28.9354,10,12.8014,-4.8194,-0.0930,0.0430
28.9678,10,12.6790,-4.3939,-0.1060,0.0520
29.0263,10,12.3979,-4.8704,0.0430,-0.0890
29.0964,10,11.8521,-5.2933,-0.0860,0.0440
29.1311,10,11.1929,-8.7033,-0.1090,0.0590
29.1399,10,10.5161,-22.5119,-0.1200,0.0700
29.1672,10,9.8246,-26.8177,-0.1250,0.0710
29.1870,10,9.1183,-33.0011,-0.1370,0.0720
29.2085,10,8.5437,-36.8044,-0.1560,0.0900
29.2398,10,8.2149,-35.1050,-0.1670,0.1090
29.2547,10,8.0030,-22.5070,-0.1630,0.1160
29.3255,10,7.8005,-18.0177,-0.1570,0.1360
29.3700,10,7.6234,-11.6705,-0.1760,0.1720
29.4381,10,7.5151,-6.6274,-0.3260,0.3710
29.4983,10,7.4116,-4.8737,-0.1930,0.1840
29.5184,10,7.3239,-2.9043,-0.1730,0.1480
29.5424,10,7.2417,-3.0173,-0.1460,0.1610
29.5867,10,7.1978,-2.4192,-0.1600,0.1190
29.5903,10,7.1868,-2.7125,-0.1400,0.0960
29.6238,10,7.2467,-2.0105,-0.1220,0.0700
29.6348,10,7.3556,0.8419,-0.1120,0.0570
29.6687,10,7.5398,2.6145,-0.1010,0.0530
29.6726,10,7.8597,18.9283,-0.0930,0.0480
29.6789,10,8.2545,32.1826,-0.0890,0.0460
29.7062,10,8.7571,35.5024,-0.0840,0.0430
29.7086,10,9.2672,76.0218,-0.0800,0.0380
29.7133,10,9.7503,95.7681,-0.0760,0.0310
29.7433,10,10.3779,83.8283,-0.0770,0.0180
29.7594,10,10.9479,78.2798,-0.0850,0.0140
29.7897,10,11.5435,78.5274,-0.0870,0.0210
29.8062,10,12.0238,41.8738,-0.0790,0.0270
29.8299,10,12.4533,24.6625,-0.0700,0.0220
29.8354,10,12.8828,36.1463,-0.0680,0.0220
29.8408,10,13.1047,37.1797,-0.0730,0.0250
29.8831,10,13.2485,33.9352,-0.0800,0.0290
29.8877,10,13.2840,29.6356,-0.0880,0.0330
29.8990,10,13.3150,26.5606,-0.1050,0.0490
29.9251,10,13.3503,11.1709,-0.1110,0.0530
29.9588,10,13.4032,3.3573,-0.1160,0.0540
30.0004,11,13.4120,2.7188,-0.1140,0.0660
30.0139,11,13.4120,1.1744,-0.1060,0.0630
30.0359,11,13.3899,0.4262,-0.1030,0.0600
30.0480,11,13.3588,-0.3574,-0.1030,0.0510
30.0819,11,13.3147,-0.9322,-0.1010,0.0440
30.0919,11,13.2574,-2.1213,-0.0950,0.0410
30.1200,11,13.2485,-2.1844,-0.0880,0.0370
30.1531,11,13.2308,-2.0907,-0.0860,0.0310
30.1612,11,13.2174,-1.9099,-0.0860,0.0290
30.2325,11,13.1817,-1.7496,-0.0710,0.0180
30.2418,11,13.1193,-1.9477,-0.0450,-0.0130
30.2766,11,13.0254,-2.4239,-0.0410,-0.0260
30.2890,11,12.8816,-4.6384,-0.0420,-0.0340
30.3150,11,12.6403,-6.1622,-0.0420,-0.0330
30.3357,11,12.2851,-9.4793,-0.0420,-0.0340
30.3678,11,11.7314,-11.5894,-0.0390,-0.0470
30.3942,11,10.9647,-16.8567,-0.0290,-0.0690
30.4230,11,10.0138,-21.1297,-0.0280,-0.0910
30.4381,11,9.0513,-32.1030,-0.0320,-0.1140
30.4634,11,8.2040,-35.3611,-0.0440,-0.1220
30.4828,11,7.3709,-40.5201,-0.0570,-0.1210
30.5171,11,6.6812,-38.7274,-0.0550,-0.1210
30.5446,11,6.1462,-36.0308,-0.0650,-0.1430
30.5734,11,5.7371,-26.0406,-0.0680,-0.1590
30.5873,11,5.3771,-24.5644,-0.0740,-0.1690
30.6226,11,4.9797,-18.2014,-0.0770,-0.1780
30.6636,11,4.5959,-16.0579,-0.0770,-0.1880
30.7094,11,4.1698,-14.0196,-0.0690,-0.2100
30.7556,11,3.7819,-12.8618,-0.0500,-0.2470
30.7698,11,3.4524,-12.3018,-0.0490,-0.2670
30.7925,11,3.0598,-13.5093,-0.0440,-0.2860
30.8265,11,2.6977,-13.7691,-0.0320,-0.3120
30.8396,11,2.4306,-15.9821,-0.0210,-0.3230
30.8658,11,2.2458,-15.7124,-0.0130,-0.3270
30.8852,11,2.0590,-12.9929,-0.0100,-0.3290
