Time,Reps,Angle,X,Y
5.0031,1,0.1380,0.0000,0.0000
5.0328,1,0.1380,2.9510,-1.7970
5.0430,1,0.1380,0.0000,0.0000
5.0497,1,0.1380,-6.7860,-2.1790
5.0637,1,0.1380,0.0000,0.0000
5.0810,1,0.1380,-0.3060,0.1490
5.0836,1,0.1380,-0.2390,-0.0540
5.0941,1,0.1380,-2.2390,-2.1790
5.1197,1,0.1380,0.0000,0.0000
5.1309,1,0.1380,-0.5820,0.1140
5.1665,1,0.1380,0.0000,0.0000
5.2038,1,0.1380,0.0000,0.0000
5.2086,1,0.1380,-0.9350,-1.5160
5.2250,1,0.1380,-1.4420,-0.3730
5.2330,1,0.1380,-1.2250,0.2970
5.2474,1,0.1380,-0.6550,-0.9020
5.2553,1,0.1380,0.0000,0.0000
5.2662,1,0.1380,0.0000,0.0000
5.2788,1,0.1380,-2.4110,0.0270
5.3021,1,0.1380,0.0000,0.0000
5.3271,1,0.1380,0.0000,0.0000
5.3467,1,0.1380,-0.6050,-1.1320
5.3992,1,0.1380,0.0000,0.0000
5.4182,1,0.1380,-0.2280,-0.4040
5.4579,1,0.1380,3.3440,1.4370
5.4931,1,0.1380,0.0000,0.0000
5.5069,1,0.1380,0.0000,0.0000
5.5382,1,0.1380,0.7740,-0.4950
5.5702,1,0.1380,-3.8510,8.6600
5.5764,1,0.1380,-1.0000,-1.7380
5.6055,1,0.1380,-0.1440,0.1340
5.6683,1,0.1380,-0.1830,-0.0430
5.6923,1,0.1380,0.0000,0.0000
5.7189,1,0.1380,14.6670,-0.0000
5.7372,1,0.1380,-11.7140,-1.1430
5.7482,1,0.1380,0.0000,0.0000
5.7730,1,0.1380,-1.9470,0.5790
5.8173,1,0.1380,0.0000,0.0000
5.8530,1,0.1380,0.0000,0.0000
5.8788,1,0.1380,2.5910,-1.7950
5.9028,1,0.1380,0.0000,0.0000
5.9765,1,0.1380,0.0000,0.0000
6.0262,1,0.1380,0.0000,0.0000
6.0634,1,0.1380,-5.0570,-2.4290
6.0985,1,0.1380,-2.1860,-0.3570
6.1069,1,0.1380,3.5000,0.2940
6.1172,1,0.1380,0.0000,0.0000
6.1483,1,0.1380,0.0000,0.0000
6.1671,1,0.1380,0.0000,0.0000
6.1757,1,0.1380,0.0000,0.0000
6.1879,1,0.1380,-2.4500,1.8500
6.2023,1,0.1380,0.0000,0.0000
6.2254,1,0.1380,-0.2690,-0.1630
6.2301,1,0.1380,0.0000,0.0000
6.3063,1,0.1380,-0.9870,-0.9980
6.3311,1,0.1380,-0.9990,-1.0050
6.3608,1,0.1380,-0.9940,-0.9900
6.4276,1,0.1380,-10.0270,1.3780
6.4815,1,0.1380,-0.0700,-1.1270
6.4935,1,0.1380,0.0000,0.0000
6.5267,1,0.1380,0.0000,0.0000
6.5381,1,0.1380,-2.0000,0.9470
6.5746,1,0.1380,-0.2740,-0.3120
6.6078,1,0.1380,-0.0620,0.1860
6.6407,1,0.1380,-7.3750,0.9580
6.7098,1,0.1380,0.0000,0.0000
6.7682,1,0.1380,0.8200,0.9800
6.7910,1,0.1380,-0.2250,0.3480
6.8263,1,0.1380,0.0000,0.0000
6.8378,1,0.1380,0.0000,0.0000
6.8982,1,0.1380,0.0000,0.0000
6.9123,1,0.1380,0.0000,0.0000
6.9961,1,0.1380,0.0000,0.0000
7.0213,1,0.1380,-11.8180,4.3640
7.0367,1,0.1380,-2.2790,-2.1860
7.0439,1,0.1380,0.0000,0.0000
7.0591,1,0.1380,0.0000,0.0000
7.0676,1,0.1380,4.2800,3.1940
7.0788,1,0.1380,0.0000,0.0000
7.0994,1,0.1304,0.0000,0.0000
7.1046,1,0.1227,0.0000,0.0000
7.1119,1,0.1151,0.0000,0.0000
7.1303,1,0.1074,0.0000,0.0000
7.1485,1,0.1074,-0.2600,0.4590
7.1790,1,0.1074,-0.1340,0.0430
7.1835,1,0.1151,-0.9930,-0.0070
7.1931,1,0.1227,-8.5960,-1.6970
7.2170,1,0.1304,-2.8290,-0.3090
7.2392,1,0.1304,0.0000,0.0000
7.2646,1,0.1227,0.0000,0.0000
7.2865,1,0.1227,0.1290,2.2790
7.3314,1,0.1151,-2.7040,0.5480
7.3512,1,0.1074,-8.9650,4.0880
7.4062,1,0.0998,-8.2750,11.6090
7.4197,1,0.0998,-2.6440,5.5630
7.4382,1,0.0998,-3.9450,1.8840
7.4819,1,0.0921,-1.0050,-0.9960
7.4915,1,0.0921,0.0000,0.0000
7.5192,1,0.0921,-2.2470,1.8480
7.5264,1,0.0921,0.0000,0.0000
7.5652,1,0.0921,-2.1490,0.8420
7.5996,1,0.0921,-1.5490,-0.3100
7.6061,1,0.0921,0.0000,0.0000
7.6632,1,0.0998,0.0000,0.0000
7.7533,1,0.1074,-2.6000,14.3600
7.7833,1,0.1151,0.0000,0.0000
7.8078,1,0.1227,0.0000,0.0000
7.8499,1,0.1304,-2.5470,2.9470
7.8597,1,0.1380,0.0000,0.0000
7.8919,1,0.1380,0.0000,0.0000
7.9099,1,0.1380,0.0000,0.0000
7.9442,1,0.1380,0.0000,0.0000
7.9734,1,0.1380,-0.7880,0.2800
8.0048,1,0.1380,0.0000,0.0000
8.0200,1,0.1380,-1.1320,1.7740
8.0429,1,0.1380,-0.5300,8.0090
8.0646,1,0.1456,0.0290,0.9060
8.1162,1,0.1533,-2.1980,1.8370
8.1234,1,0.1609,0.0000,0.0000
8.1332,1,0.1685,0.0000,0.0000
8.1644,1,0.1761,0.0000,0.0000
8.1712,1,0.1838,-0.5410,4.8600
8.1816,1,0.1761,1.5880,2.3950
8.1845,1,0.1761,2.0320,2.7120
8.2094,1,0.1761,0.0000,0.0000
8.2141,1,0.1761,2.0430,6.8120
8.2160,1,0.1761,0.0000,0.0000
8.2446,1,0.1761,0.0000,0.0000
8.2620,1,0.1838,3.9620,3.6730
8.2949,1,0.1838,9.3640,5.6820
8.2992,1,0.1838,0.0470,2.2830
8.3060,1,0.1838,10.0770,16.0770
8.3236,1,0.1838,0.4240,2.1600
8.3325,1,0.1838,2.8040,3.1740
8.3423,1,0.1838,0.0000,0.0000
8.3528,1,0.1838,2.2880,3.6300
8.3698,1,0.1838,2.0680,3.5450
8.3781,1,0.1838,0.9800,1.5680
8.4223,1,0.1838,-1.4500,1.1180
8.4521,1,0.1838,0.0000,0.0000
8.4665,1,0.1838,0.0000,0.0000
8.5015,1,0.1838,0.0000,0.0000
8.5136,1,0.1838,1.0340,1.7380
8.5371,1,0.1838,0.0000,0.0000
8.5771,1,0.1838,6.4840,5.3550
8.6010,1,0.1838,0.0000,0.0000
8.6255,1,0.1838,0.0000,0.0000
8.6404,1,0.1838,0.0000,0.0000
8.6638,1,0.1838,0.0000,0.0000
8.7041,1,0.1838,0.0000,0.0000
8.7457,1,0.1838,-0.7760,-0.2980
8.7543,1,0.1838,-0.6310,-0.3300
8.7925,1,0.1838,-0.4750,-0.1920
8.8014,1,0.1838,-0.3310,-0.3680
8.8260,1,0.1838,-0.2450,-0.4890
8.8461,1,0.1838,0.0490,-0.5130
8.8699,1,0.1838,0.1240,-0.4910
8.9044,1,0.1838,0.1690,-0.2600
8.9149,1,0.1838,0.2630,-0.1590
8.9423,1,0.1838,0.2660,-0.1650
8.9676,1,0.1838,0.2340,-0.2000
9.0010,1,0.1838,0.2030,-0.2310
9.0136,1,0.1838,0.2300,-0.2160
9.0189,1,0.1838,0.4740,-0.5020
9.0801,1,0.1838,0.0220,-0.1870
9.1451,1,0.1838,0.1980,-0.3200
9.1680,1,0.1838,0.2000,-0.3260
9.1978,1,0.1838,0.1880,-0.3490
9.2150,1,0.1838,0.1740,-0.3710
9.2388,1,0.1838,0.1620,-0.3860
9.2720,1,0.1838,0.1570,-0.3940
9.2979,1,0.1838,0.1520,-0.4020
9.3045,1,0.1838,0.1520,-0.4040
9.3168,1,0.1838,0.1520,-0.4050
9.3483,1,0.1838,0.1530,-0.4060
9.3727,1,0.1838,0.1530,-0.4060
9.3880,1,0.1838,0.1540,-0.4070
9.4107,1,0.1838,0.1530,-0.4090
9.4162,1,0.1838,0.1520,-0.4100
9.4203,1,0.1838,0.1510,-0.4110
9.4340,1,0.1838,0.1510,-0.4120
9.4584,1,0.1838,0.1500,-0.4120
9.4706,1,0.1838,0.1490,-0.4130
9.4813,1,0.1838,0.1490,-0.4150
9.4975,1,0.1838,0.1500,-0.4190
9.5134,1,0.1838,0.1450,-0.4240
9.5509,1,0.1838,0.1390,-0.4280
9.5793,1,0.1838,0.1290,-0.4340
9.5936,1,0.1838,0.1210,-0.4320
9.6321,1,0.1838,0.1090,-0.4320
9.6449,1,0.1838,0.1000,-0.4330
9.6720,1,0.1838,0.0880,-0.4300
9.7078,1,0.1838,0.0980,-0.4110
9.7171,1,0.1838,0.0970,-0.4000
9.7469,1,0.1838,0.0950,-0.3900
9.7660,1,0.1838,0.0940,-0.3830
9.8015,1,0.1838,0.0920,-0.3780
9.8273,1,0.1838,0.0840,-0.3800
9.8469,1,0.1838,0.0840,-0.3770
9.8739,1,0.1838,0.0790,-0.3730
9.8912,1,0.1838,0.0730,-0.3750
9.9151,1,0.1838,0.0680,-0.3820
9.9500,1,0.1838,0.0650,-0.3910
9.9861,1,0.1838,0.0510,-0.4110
10.0113,1,0.1838,0.0730,-0.3930
10.0566,1,0.1838,0.0770,-0.3890
10.0693,1,0.1838,0.0790,-0.3890
10.0776,1,0.1838,0.0780,-0.3900
10.1058,1,0.1838,0.0800,-0.3900
10.1749,1,0.1838,0.0930,-0.4060
10.2100,1,0.1838,0.1060,-0.3890
10.2438,1,0.1838,0.1020,-0.3910
10.2816,1,0.1838,0.1310,-0.4480
10.3235,1,0.1838,0.1230,-0.4480
10.3291,1,0.1838,0.1160,-0.4470
10.3870,1,0.1838,0.0610,-0.3950
10.4196,1,0.1838,0.0600,-0.3920
10.4405,1,0.1838,0.0620,-0.3810
10.4655,1,0.1838,0.0660,-0.3620
10.4806,1,0.1838,0.0720,-0.3450
10.5007,1,0.1838,0.0790,-0.3250
10.5113,1,0.1838,0.0830,-0.3050
10.5480,1,0.1838,0.0860,-0.2930
10.5507,1,0.1838,0.0910,-0.2810
10.5577,1,0.1838,0.1000,-0.2570
10.5794,1,0.1838,0.1080,-0.2370
10.6032,1,0.1838,0.1130,-0.2190
10.6248,1,0.1838,0.1140,-0.2080
10.6610,1,0.1838,0.1100,-0.2020
10.6713,1,0.1838,0.1050,-0.2000
10.6804,1,0.1838,0.1030,-0.2010
10.6826,1,0.1838,0.1010,-0.2030
10.7012,1,0.1838,0.2070,-0.3230
10.7353,1,0.1838,0.0930,-0.2100
10.7716,1,0.1838,0.0880,-0.2200
10.8163,1,0.1838,0.0890,-0.2250
10.8419,1,0.1838,0.0890,-0.2260
10.8562,1,0.1838,0.0900,-0.2270
10.8900,1,0.1838,0.0920,-0.2300
10.9233,1,0.1838,0.0930,-0.2250
10.9600,1,0.1838,0.0970,-0.2200
10.9704,1,0.1838,0.0990,-0.2170
11.0036,1,0.1838,0.0990,-0.2140
11.0230,1,0.1838,0.1000,-0.2100
11.0515,1,0.1838,0.1010,-0.2030
11.0798,1,0.1838,0.0980,-0.1970
11.1060,1,0.1838,0.0910,-0.1890
11.1106,1,0.1838,0.0860,-0.1810
11.1440,1,0.1761,0.0730,-0.1770
11.1756,1,0.1685,0.0590,-0.1670
11.1920,1,0.1609,0.0410,-0.1540
11.2252,1,0.1533,0.0270,-0.1440
11.2413,1,0.1380,0.0120,-0.1330
11.2516,1,0.1227,0.0060,-0.1290
11.2713,1,0.1074,0.0000,-0.1260
11.2747,1,0.0844,-0.0040,-0.1220
11.2783,1,0.0614,-0.0070,-0.1200
11.2813,1,0.0384,-0.0110,-0.1180
11.3106,1,0.0230,-0.0150,-0.1160
11.3313,1,0.0077,-0.0210,-0.1120
11.3383,1,0.0000,-0.0280,-0.1080
11.3423,1,0.0000,-0.0420,-0.1040
11.3736,1,0.0000,-0.0620,-0.1010
11.4027,1,0.0000,-0.0820,-0.1030
11.4195,1,0.0000,-0.0960,-0.1090
11.4421,1,0.0000,-0.0980,-0.1120
11.4812,1,0.0835,-0.0950,-0.1090
11.4991,1,0.1065,-0.0890,-0.1040
11.5218,1,0.2566,-0.0710,-0.1050
11.5451,1,0.6463,-0.0550,-0.1130
11.5674,1,1.2339,-0.0400,-0.1220
11.5937,1,2.1464,-0.0290,-0.1330
11.6257,1,3.4408,-0.0170,-0.1430
11.6350,1,4.9503,-0.0050,-0.1530
11.6627,1,6.7536,0.0140,-0.1770
11.6898,1,8.5616,0.0370,-0.1920
11.7051,1,10.3539,0.0660,-0.2080
11.7333,1,11.9853,0.0890,-0.2210
11.7516,1,13.1802,0.1000,-0.2220
11.7792,1,14.2780,0.1040,-0.2210
11.7850,1,14.9711,0.1040,-0.2220
11.8161,1,15.4525,0.1050,-0.2210
11.8301,1,15.7556,0.0970,-0.2340
11.8676,1,15.8338,0.0810,-0.2430
11.8786,1,15.8502,0.0640,-0.2420
11.9022,1,15.7265,0.0550,-0.2280
11.9276,1,15.4299,0.0560,-0.2110
11.9336,1,15.1009,0.0560,-0.2050
11.9694,1,14.5309,0.0420,-0.2090
12.0349,1,13.6540,0.0080,-0.2190
12.0502,1,12.6725,-0.0190,-0.2270
12.0828,1,11.6116,-0.0270,-0.2330
12.0993,1,10.6184,-0.0300,-0.2380
12.1777,1,9.4368,0.1440,-0.4260
12.2278,1,8.3691,0.0610,-0.3060
12.2470,1,7.6235,0.0720,-0.3340
12.2663,1,6.9633,0.0690,-0.3740
12.2934,1,6.4068,0.0540,-0.4110
12.3140,1,5.8913,0.0370,-0.4340
12.3354,1,5.5101,0.0260,-0.4450
12.3637,1,5.2093,0.0190,-0.4520
12.3790,1,4.9232,0.0170,-0.4560
12.3816,1,4.6892,0.0130,-0.4580
12.4048,1,4.5692,0.0080,-0.4590
12.4312,1,4.4165,0.0050,-0.4600
12.4521,1,4.2425,-0.0040,-0.4620
12.4749,1,4.0405,-0.0180,-0.4630
12.5040,1,3.8433,-0.0290,-0.4620
12.5137,1,3.6329,-0.0360,-0.4620
12.5206,1,3.3738,-0.0400,-0.4620
12.5452,1,3.1949,-0.0430,-0.4620
12.5499,1,3.0652,-0.0470,-0.4630
12.5731,1,2.9663,-0.0530,-0.4630
12.5879,1,2.8667,-0.0520,-0.4640
12.6259,1,2.7802,-0.0480,-0.4680
12.6553,1,2.6328,-0.0420,-0.4700
12.6683,1,2.4510,-0.0390,-0.4710
12.6924,1,2.2816,-0.0360,-0.4760
12.7343,1,2.1936,-0.0370,-0.4830
12.7658,1,2.0909,-0.0390,-0.4880
12.7832,1,1.9744,-0.0400,-0.4910
12.8064,1,1.9261,-0.0400,-0.4920
12.8298,1,1.8983,-0.0380,-0.4910
12.8535,1,1.8633,-0.0340,-0.4910
12.8862,1,1.7869,-0.0290,-0.4940
12.9226,1,1.7590,-0.0260,-0.4970
12.9586,1,1.7450,-0.0200,-0.4990
12.9747,1,1.7171,-0.0180,-0.5020
12.9985,1,1.7031,-0.0170,-0.5030
13.0395,1,1.7101,-0.0150,-0.5020
13.0492,1,1.7171,-0.0140,-0.5030
13.0736,1,1.6174,-0.0140,-0.5040
13.0823,1,1.5177,0.0420,-0.4190
13.1243,2,1.4252,-0.0160,-0.5030
13.1292,2,1.3183,-0.0170,-0.5020
13.1527,2,1.1822,-0.0180,-0.5020
13.1578,2,1.0314,-0.0180,-0.5010
13.1759,2,0.9433,-0.0160,-0.5000
13.1966,2,0.8178,-0.0170,-0.5010
13.2307,2,0.7668,-0.0300,-0.5040
13.2443,2,0.6934,-0.0250,-0.4890
13.2674,2,0.5892,-0.0270,-0.4820
13.2696,2,0.5522,-0.0300,-0.4730
13.3052,2,0.5447,-0.0400,-0.4480
13.3323,2,0.4838,-0.0310,-0.4010
13.3577,2,0.3640,-0.0270,-0.3640
13.3823,2,0.2812,-0.0190,-0.3380
13.4184,2,0.2583,-0.0100,-0.3210
13.4345,2,0.1829,0.0020,-0.3040
13.4638,2,0.1226,0.0150,-0.2920
13.4724,2,0.2136,0.0230,-0.2850
13.5449,2,0.7265,0.1660,-0.4420
13.6097,2,2.0919,0.0790,-0.3230
13.6404,2,4.1729,0.0930,-0.3380
13.6572,2,6.3872,0.0950,-0.3570
13.6947,2,9.0072,0.1000,-0.3640
13.7011,2,11.6033,0.0990,-0.3690
13.7270,2,13.7706,0.0920,-0.3760
13.7554,2,15.0975,0.0820,-0.3780
13.7727,2,15.6805,0.0670,-0.3810
13.8100,2,16.0858,0.0500,-0.3890
13.8189,2,16.0776,0.0350,-0.3970
13.8424,2,15.9469,0.0200,-0.3980
13.8645,2,15.7167,0.0090,-0.3850
13.8942,2,15.2953,0.0070,-0.3690
13.9093,2,14.8191,0.0110,-0.3630
13.9428,2,14.1161,-0.0010,-0.3690
13.9883,2,13.0715,-0.0220,-0.3680
14.0736,2,11.6000,-0.0090,-0.3850
14.0915,2,10.1324,-0.0050,-0.3870
14.1161,2,8.7744,0.0090,-0.3880
14.1405,2,7.4407,0.0200,-0.3940
14.1632,2,6.3125,0.0210,-0.3980
14.1837,2,5.4897,0.0220,-0.3990
14.2107,2,5.1370,0.0290,-0.4000
14.2308,2,4.8822,0.0430,-0.3870
14.2524,2,4.6845,0.0560,-0.3790
14.2801,2,4.4774,0.0630,-0.3730
14.3118,2,4.2729,0.0690,-0.3690
14.3215,2,4.0662,0.0760,-0.3700
14.3478,2,3.8894,0.0750,-0.3660
14.3749,2,3.6487,0.0650,-0.3630
14.3904,2,3.4202,0.0600,-0.3720
14.4179,2,3.1871,0.0520,-0.3810
14.4461,2,2.9768,0.0440,-0.3830
14.4607,2,2.7845,0.0410,-0.3830
14.4860,2,2.5432,0.0410,-0.3870
14.4939,2,2.3336,0.0430,-0.3920
14.5194,2,2.1309,0.0440,-0.3930
14.5294,2,2.0081,0.0490,-0.3900
14.5596,2,1.9258,0.0640,-0.3860
14.6111,2,1.7793,0.0940,-0.3770
14.6432,2,1.6947,0.1050,-0.3800
14.6630,2,1.5738,0.1210,-0.3830
14.6830,3,1.4459,0.1340,-0.3880
14.7241,3,1.3471,0.1370,-0.3840
14.7470,3,1.0712,0.1410,-0.3730
14.7820,3,0.9474,0.1420,-0.3360
14.8223,3,0.8088,0.1310,-0.2940
14.8339,3,0.7205,0.1090,-0.2710
14.8732,3,0.6322,0.0660,-0.2410
14.9151,3,0.5079,0.0590,-0.2330
14.9261,3,0.5606,0.0740,-0.2360
14.9413,3,0.5457,0.0770,-0.2380
14.9464,3,0.5457,0.0730,-0.2400
14.9532,3,0.4777,0.0670,-0.2420
14.9642,3,0.4553,0.0590,-0.2470
14.9878,3,0.4177,0.0510,-0.2530
14.9983,3,0.4987,0.0400,-0.2650
15.0691,3,1.4474,0.0660,-0.2500
15.1363,3,3.4964,0.0960,-0.3390
15.1632,3,5.8105,0.1000,-0.3660
15.1844,3,8.1645,0.0740,-0.3670
15.2157,3,10.4739,0.0470,-0.3640
15.2291,3,12.6262,0.0340,-0.3580
15.2489,3,13.8587,0.0270,-0.3590
15.2607,3,13.9516,0.0210,-0.3620
15.2665,3,13.7945,0.0150,-0.3640
15.2706,3,13.5520,0.0110,-0.3620
15.2744,3,13.3066,0.0100,-0.3570
15.2886,3,13.0459,0.0110,-0.3500
15.2997,3,12.7961,0.0150,-0.3420
15.3218,3,12.4326,0.0300,-0.3190
15.3426,3,11.9198,0.0430,-0.3140
15.3842,3,10.9412,0.0300,-0.3180
15.4142,3,9.8633,0.0110,-0.3000
15.4243,3,8.7183,-0.0000,-0.2920
15.4503,3,7.5312,-0.0060,-0.2930
15.4878,3,6.3879,-0.0080,-0.3000
15.5057,3,5.4529,-0.0120,-0.3140
15.5348,3,5.0205,-0.0130,-0.3210
15.5530,3,4.6945,-0.0040,-0.3290
15.5881,3,4.3380,0.0050,-0.3360
15.5964,3,4.0579,0.0180,-0.3380
15.6660,3,3.8938,0.0410,-0.3360
15.6757,3,3.6846,0.0450,-0.3310
15.7008,3,3.4386,0.0580,-0.3330
15.7260,3,3.2216,0.0660,-0.3410
15.7452,3,3.1564,0.0630,-0.3460
15.7733,3,3.0646,0.0590,-0.3450
15.7904,3,2.9330,0.0610,-0.3440
15.8257,3,2.8066,0.0660,-0.3450
15.8368,3,2.7071,0.0720,-0.3450
15.8655,3,2.5866,0.0820,-0.3380
15.8859,3,2.4591,0.0930,-0.3360
15.9057,3,2.3235,0.0980,-0.3420
15.9196,3,2.2420,0.1010,-0.3440
15.9426,3,2.1942,0.0940,-0.3420
15.9798,3,2.0569,0.0900,-0.3380
15.9862,3,1.9032,0.0850,-0.3400
16.0334,3,1.7636,0.0710,-0.3430
16.0587,3,1.6076,0.0760,-0.3420
16.0824,4,1.4309,0.0910,-0.3430
16.1146,4,1.2614,0.0860,-0.3530
16.1735,4,1.1033,0.1040,-0.3670
16.2282,4,1.0089,0.0510,-0.1950
16.2578,4,0.9073,0.0530,-0.1820
16.2896,4,0.8634,0.0560,-0.1710
16.2973,4,0.8194,0.0520,-0.1690
16.3224,4,0.7162,0.0400,-0.1740
16.3463,4,0.7014,0.0250,-0.1890
16.3540,4,0.7381,0.0190,-0.2080
16.3857,4,1.1067,0.0180,-0.2310
16.3988,4,1.7108,0.0250,-0.2530
16.4260,4,2.6110,0.0410,-0.2770
16.5032,4,4.7238,0.1400,-0.2430
16.5697,4,6.9261,0.0740,-0.3490
16.5849,4,9.0423,0.0610,-0.3470
16.6126,4,10.7873,0.0490,-0.3520
16.6335,4,12.1457,0.0360,-0.3620
16.6514,4,13.1261,0.0330,-0.3500
16.6534,4,12.9461,0.0270,-0.3420
16.6648,4,12.5978,0.0270,-0.3340
16.6803,4,12.1150,0.0290,-0.3290
16.6977,4,11.5749,0.0370,-0.3250
16.7249,4,10.9092,0.0460,-0.3260
16.7519,4,10.0688,0.0480,-0.3370
16.7732,4,9.1450,0.0380,-0.3540
16.7967,4,8.0843,0.0300,-0.3630
16.7997,4,7.1515,0.0280,-0.3650
16.8135,4,6.2734,0.0130,-0.3510
16.8472,4,5.6175,0.0170,-0.3470
16.8796,4,5.2242,0.0240,-0.3560
16.9261,4,4.8467,0.0310,-0.3570
16.9362,4,4.5341,0.0350,-0.3630
16.9627,4,4.1786,0.0410,-0.3630
16.9744,4,3.8584,0.0490,-0.3640
17.0386,4,3.6385,0.0570,-0.3640
17.0531,4,3.3337,0.0630,-0.3640
17.0874,4,3.0699,0.0740,-0.3620
17.1110,4,2.9195,0.0860,-0.3550
17.1248,4,2.8129,0.0970,-0.3570
17.1668,4,2.6168,0.0980,-0.3650
17.1832,4,2.3681,0.0900,-0.3730
17.2427,4,2.1487,0.1450,-0.4160
17.3067,4,1.9276,0.1070,-0.3470
17.3454,4,1.6267,0.1050,-0.3470
17.3503,5,1.3662,0.1010,-0.3400
17.3539,5,1.0591,0.0920,-0.3350
17.3825,5,0.9381,0.0830,-0.3280
17.3981,5,0.9025,0.0710,-0.3200
17.4113,5,0.8228,0.0530,-0.3140
17.4139,5,0.7334,0.0350,-0.3080
17.4180,5,0.6441,0.0190,-0.2990
17.4550,5,0.7050,-0.0010,-0.2930
17.4835,5,0.5867,0.0980,-0.2430
17.5018,5,0.4324,0.0410,-0.2960
17.5376,5,0.2973,0.0490,-0.2950
17.5471,5,0.2897,0.0490,-0.2970
17.5709,5,0.3198,0.0430,-0.2980
17.6339,5,0.9910,0.0530,-0.3040
17.6426,5,1.8072,0.0750,-0.3150
17.6621,5,2.9585,0.1100,-0.3110
17.6963,5,4.5436,0.1460,-0.3120
17.7126,5,6.5111,0.1730,-0.3220
17.7313,5,8.5630,0.1800,-0.3370
17.7660,5,10.2279,0.1730,-0.3320
17.7940,5,11.7264,0.1610,-0.3210
17.8113,5,12.8427,0.1510,-0.3240
17.8475,5,13.4476,0.1360,-0.3300
17.8633,5,13.5293,0.1220,-0.3330
17.8812,5,13.4437,0.1150,-0.3290
17.9141,5,12.8015,0.1110,-0.3160
17.9424,5,11.8920,0.1080,-0.3050
17.9820,5,10.8620,0.1030,-0.2980
17.9852,5,9.7884,0.0990,-0.2890
18.0148,5,8.6118,0.0920,-0.2790
18.0310,5,7.4272,0.0770,-0.2720
18.0556,5,6.4291,0.0580,-0.2720
18.0920,5,5.6889,0.0350,-0.2930
18.1115,5,5.1164,0.0230,-0.3030
18.1563,5,4.5735,0.0130,-0.3210
18.1832,5,4.1452,0.0250,-0.3310
18.2149,5,3.7236,0.0280,-0.3520
18.2370,5,3.4898,0.0320,-0.3690
18.2636,5,3.2207,0.0400,-0.3820
18.2843,5,2.9115,0.0530,-0.3910
18.3061,5,2.6444,0.0610,-0.3970
18.3362,5,2.4823,0.0690,-0.3960
18.3436,5,2.3667,0.0750,-0.3960
18.3508,5,2.1787,0.0840,-0.3940
18.3637,5,2.0497,0.0930,-0.3940
18.3901,5,1.8483,0.1100,-0.3970
18.4177,5,1.7351,0.1180,-0.4000
18.4325,5,1.6295,0.1220,-0.4010
18.4568,6,1.3775,0.1200,-0.4110
18.4772,6,1.1186,0.1070,-0.4210
18.4926,6,0.8060,0.0940,-0.4290
18.5137,6,0.7916,0.0790,-0.4380
18.5158,6,0.7554,0.0630,-0.4410
18.5474,6,0.6976,0.0400,-0.4300
18.5568,6,0.6370,0.0260,-0.4050
18.5829,6,0.7111,0.0240,-0.3860
18.6638,6,0.8458,0.0430,-0.3810
18.6767,6,0.7950,0.0750,-0.3820
18.6996,6,0.6609,0.0610,-0.3840
18.7109,6,0.5192,0.0550,-0.3980
18.7974,6,1.2728,0.1410,-0.3420
18.8200,6,2.1224,0.1510,-0.4220
18.8467,6,3.1185,0.1590,-0.4220
18.8757,6,4.3200,0.1570,-0.4190
18.8989,6,5.6935,0.1410,-0.4220
18.9347,6,7.0062,0.1200,-0.4340
18.9608,6,7.4440,0.1080,-0.4420
18.9863,6,7.4840,0.0940,-0.4470
19.0544,6,7.0265,0.0500,-0.4510
19.1172,6,6.1252,0.0410,-0.4210
19.1457,6,5.0904,0.0390,-0.4210
19.1657,6,4.0549,0.0340,-0.4210
19.1944,6,3.1830,0.0290,-0.4160
19.2260,6,2.4644,0.0160,-0.4190
19.2600,6,1.9622,0.0140,-0.4210
19.2775,6,1.6766,0.0170,-0.4210
19.3034,7,1.4793,0.0260,-0.4250
19.3125,7,1.3583,0.0320,-0.4310
19.3408,7,1.1367,0.0370,-0.4320
19.3757,7,0.9140,0.0610,-0.4350
19.3945,7,0.8556,0.0850,-0.4570
19.4298,7,0.8190,0.0910,-0.4610
19.4569,7,0.7750,0.0940,-0.4520
19.4638,7,0.6567,0.0960,-0.4540
19.4759,7,0.6269,0.1020,-0.4600
19.5444,7,0.5592,0.0070,-0.2790
19.5831,7,0.4617,0.0080,-0.2950
19.6267,7,0.3643,0.1900,-0.4310
19.6357,7,0.2669,0.1930,-0.4170
19.6751,7,0.2366,0.1950,-0.4010
19.6956,7,0.1838,0.1950,-0.3970
19.7218,7,0.1838,0.1910,-0.3970
19.7404,7,0.1838,0.1850,-0.4030
19.7612,7,0.1838,0.1820,-0.4090
19.7751,7,0.1838,0.1820,-0.4100
19.7924,7,0.1838,0.1800,-0.4120
19.8002,7,0.1838,0.1790,-0.4130
19.8061,7,0.1838,0.1760,-0.4150
19.8552,7,0.1838,0.1670,-0.4190
19.8642,7,0.1838,0.1560,-0.4230
19.8812,7,0.1838,0.1350,-0.4320
19.9010,7,0.1838,0.1060,-0.4290
19.9106,7,0.1838,0.0970,-0.3940
19.9312,7,0.1838,0.0800,-0.3800
19.9411,7,0.1838,0.0640,-0.3670
19.9705,7,0.1838,0.0510,-0.3570
19.9795,7,0.1838,0.0430,-0.3490
19.9950,7,0.1838,0.0290,-0.3360
20.0015,7,0.1838,0.0160,-0.3300
20.0487,7,0.1838,-0.0060,-0.3480
20.0874,7,0.1685,-0.0110,-0.3490
20.1024,7,0.2138,-0.0150,-0.3530
20.1197,7,0.2965,-0.0130,-0.3580
20.1587,7,0.6145,0.0140,-0.3790
20.1900,7,1.2851,0.0570,-0.4120
20.2076,7,2.0839,0.0820,-0.4560
20.2417,7,3.2093,0.1000,-0.4770
20.2731,7,4.5891,0.1060,-0.4920
20.2785,7,5.9317,0.1020,-0.4990
20.3263,7,7.1206,0.0910,-0.4970
20.3422,7,7.9264,0.0780,-0.4890
20.3568,7,8.5631,0.0730,-0.4840
20.3815,7,8.7951,0.0680,-0.4790
20.4104,7,8.5894,0.0660,-0.4700
20.4718,7,8.0578,0.0510,-0.4610
20.5408,7,7.1778,0.0410,-0.3990
20.5635,7,6.3281,0.0380,-0.3860
20.5907,7,5.4560,0.0390,-0.3770
20.6209,7,4.5866,0.0470,-0.3650
20.6487,7,3.7934,0.0610,-0.3590
20.6810,7,3.3261,0.0740,-0.3510
20.7015,7,3.0921,0.0830,-0.3380
20.7142,7,2.8176,0.0870,-0.3290
20.7403,7,2.5584,0.0880,-0.3230
20.8159,7,2.3624,0.0900,-0.3150
20.9375,7,2.1350,-0.0320,-0.1870
20.9566,7,1.9076,0.1100,-0.2590
20.9776,7,1.7066,0.1220,-0.2500
21.0047,7,1.5533,0.1370,-0.2440
21.0282,8,1.4408,0.1520,-0.2400
21.0432,8,1.3490,0.1630,-0.2400
21.0714,8,1.3347,0.1690,-0.2400
21.0804,8,1.3204,0.1710,-0.2380
21.0914,8,1.3132,0.1730,-0.2380
21.1122,8,1.3061,0.1750,-0.2370
21.1509,8,1.2989,0.1770,-0.2380
21.1583,8,1.2989,0.1780,-0.2440
21.1868,8,1.2917,0.1750,-0.2510
21.1925,8,1.2773,0.1730,-0.2540
21.2057,8,1.2558,0.1710,-0.2550
21.2194,8,1.2198,0.1710,-0.2560
21.2290,8,1.1910,0.1700,-0.2570
21.2411,8,1.1549,0.1700,-0.2600
21.2617,8,1.1188,0.1670,-0.2660
21.2909,8,1.0753,0.1610,-0.2720
21.3072,8,1.0316,0.1520,-0.2760
21.3319,8,0.9806,0.1410,-0.2710
21.3598,8,0.8999,0.1390,-0.2620
21.3788,8,0.8117,0.1420,-0.2550
21.4100,8,0.7455,0.1440,-0.2530
21.4484,8,0.6415,0.1470,-0.2440
21.4700,8,0.5297,0.1430,-0.2350
21.5046,8,0.4249,0.1230,-0.2340
21.5157,8,0.3724,0.1070,-0.2360
21.5625,8,0.2892,0.0880,-0.2450
21.5724,8,0.1910,0.0700,-0.2440
21.6064,8,0.1453,0.0510,-0.2400
21.6189,8,0.1148,0.0480,-0.2410
21.6577,8,0.0918,0.0410,-0.2490
21.6646,8,0.0461,0.0370,-0.2530
21.6979,8,0.0461,0.0370,-0.2510
21.7704,8,0.1885,0.0440,-0.2540
21.7871,8,0.5773,0.0780,-0.2740
21.8204,8,1.3018,0.0860,-0.2850
21.8840,8,3.0102,0.2400,-0.2130
21.8923,8,4.8387,0.2560,-0.2030
21.9300,8,7.0375,0.2300,-0.2580
21.9677,8,9.1027,0.2240,-0.2580
22.0052,8,10.8327,0.2190,-0.2590
22.0088,8,12.1821,0.2090,-0.2680
22.0398,8,12.4148,0.1930,-0.2790
22.0528,8,12.4667,0.1830,-0.2730
22.0773,8,11.8829,0.1800,-0.2470
22.1055,8,10.9715,0.1740,-0.2330
22.1200,8,10.0681,0.1710,-0.2150
22.1468,8,8.9167,0.1670,-0.2070
22.1694,8,7.7611,0.1610,-0.2010
22.1912,8,6.5804,0.1530,-0.1960
22.2149,8,5.6089,0.1440,-0.1920
22.2352,8,4.8669,0.1300,-0.1980
22.2681,8,4.1602,0.1210,-0.2110
22.2823,8,3.7595,0.1120,-0.2220
22.3149,8,3.4761,0.1080,-0.2300
22.3382,8,3.2323,0.1070,-0.2320
22.3527,8,2.9640,0.1110,-0.2370
22.3899,8,2.7093,0.1190,-0.2420
22.3947,8,2.5485,0.2760,-0.4110
22.4121,8,2.4019,0.1360,-0.2450
22.4370,8,2.2886,0.1480,-0.2450
22.4439,8,2.2147,0.1570,-0.2430
22.4714,8,2.1250,0.1600,-0.2420
22.4872,8,2.1110,0.1610,-0.2420
22.5135,8,2.0487,0.1630,-0.2400
22.5173,8,1.9659,0.1650,-0.2380
22.5217,8,1.8696,0.1690,-0.2350
22.5489,8,1.6952,0.1800,-0.2310
22.5683,8,1.5885,0.1850,-0.2360
22.6252,8,1.5392,0.1770,-0.2430
22.6938,9,1.3814,0.1760,-0.2280
22.7699,9,1.1870,0.1630,-0.2080
22.8052,9,0.9927,0.0230,-0.2150
22.8185,9,0.8832,0.0200,-0.2280
22.8632,9,0.8026,0.0330,-0.2170
22.8717,9,0.6646,0.0610,-0.2070
22.8887,9,0.6350,0.0850,-0.1970
22.9574,9,0.5446,0.1330,-0.1800
22.9710,9,0.6324,0.1560,-0.1970
23.0122,9,1.0167,0.1710,-0.1910
23.0501,9,1.8932,0.1700,-0.2340
23.0908,9,3.0591,0.1930,-0.2610
23.1661,9,4.4399,0.3130,-0.4120
23.1748,9,5.8855,0.3090,-0.4110
23.1985,9,7.0540,0.3040,-0.4080
23.2265,9,7.8410,0.2950,-0.4040
23.2493,9,7.9827,0.2950,-0.3980
23.2655,9,7.7733,0.3020,-0.3820
23.3368,9,7.0064,0.1770,-0.2220
23.3656,9,6.1586,0.1780,-0.2190
23.4078,9,5.2997,0.1700,-0.2110
23.4147,9,4.4795,0.1610,-0.2100
23.4431,9,3.7316,0.1510,-0.2130
23.4611,9,3.0385,0.1440,-0.2200
23.4979,9,2.6674,0.1440,-0.2180
23.5293,9,2.3193,0.1580,-0.2110
23.5583,9,2.0670,0.1720,-0.2220
23.5894,9,1.8468,0.1760,-0.2250
23.5992,9,1.7074,0.1830,-0.2170
23.6253,9,1.5534,0.1950,-0.2060
23.6596,10,1.4057,0.2040,-0.2110
23.6803,10,1.3343,0.2010,-0.2140
23.7035,10,1.2915,0.2020,-0.2080
23.7347,10,1.2629,0.2130,-0.1960
23.7491,10,1.2270,0.2210,-0.1890
23.7848,10,1.1692,0.2280,-0.1870
23.7948,10,1.1329,0.2570,-0.2130
23.8163,10,1.0966,0.2340,-0.1960
23.8449,10,1.0166,0.2350,-0.2000
23.8623,10,0.9069,0.2380,-0.1970
23.8872,10,0.7894,0.2330,-0.1930
23.9141,10,0.7155,0.2240,-0.1830
23.9315,10,0.6343,0.1990,-0.1830
23.9604,10,0.5303,0.1810,-0.2090
23.9791,10,0.4556,0.1570,-0.2200
24.0024,10,0.4106,0.1400,-0.2170
24.0471,10,0.3805,0.1370,-0.2140
24.0512,10,0.3504,0.1440,-0.2110
24.0600,10,0.3203,0.1530,-0.2110
24.1042,10,0.3203,0.1710,-0.1780
24.1841,10,0.8481,0.1630,-0.2320
24.2187,10,1.6421,0.1950,-0.2280
24.2859,10,2.7955,0.2220,-0.2100
24.3636,10,3.7589,0.2230,-0.1570
24.4101,10,4.5169,0.2060,-0.1330
24.4383,10,5.1585,0.2030,-0.1200
24.4613,10,5.2095,0.2020,-0.1280
24.5070,10,4.8720,0.1970,-0.1460
24.5333,10,4.0070,0.2030,-0.1510
24.5529,10,3.3182,0.2030,-0.1510
24.5653,10,2.8070,0.2030,-0.1490
24.5921,10,2.4052,0.1980,-0.1550
24.6126,10,2.0310,0.1920,-0.1640
24.6320,10,1.7508,0.1890,-0.1690
24.6585,10,1.5517,0.1890,-0.1650
24.6660,11,1.3591,0.1890,-0.1650
24.6821,11,1.1796,0.1870,-0.1680
24.6936,11,0.9997,0.1830,-0.1750
24.7107,11,0.8697,0.1760,-0.1830
24.7136,11,0.7755,0.1680,-0.1890
24.7353,11,0.7312,0.1540,-0.1950
24.7674,11,0.6340,0.1480,-0.1990
24.7897,11,0.5592,0.1490,-0.2050
24.8166,11,0.5219,0.1540,-0.2130
24.8222,11,0.4472,0.1570,-0.2260
24.8278,11,0.3501,0.1600,-0.2330
24.8437,11,0.2747,0.1620,-0.2410
24.8607,11,0.2671,0.1610,-0.2490
24.8706,11,0.2671,0.1590,-0.2570
24.9109,11,0.2520,0.1530,-0.2700
24.9196,11,0.2292,0.1550,-0.2690
24.9528,11,0.2520,0.1630,-0.2630
24.9581,11,0.2974,0.1640,-0.2630
24.9854,11,0.3126,0.1740,-0.2520
25.0130,11,0.3126,0.1770,-0.2440
25.0350,11,0.2975,0.1810,-0.2340
25.0924,11,0.2899,0.2510,-0.2850
25.1617,11,0.2519,0.2140,-0.2370
25.1948,11,0.2065,0.2170,-0.2460
25.2292,11,0.1836,0.2170,-0.2410
25.2646,11,0.1608,0.2150,-0.2340
25.2749,11,0.1380,0.2210,-0.2280
25.3032,11,0.1380,0.2280,-0.2250
25.3780,11,0.1380,0.2290,-0.2180
25.4081,11,0.1380,0.2190,-0.2140
25.4244,11,0.1380,0.2140,-0.2110
25.4602,11,0.1380,0.2120,-0.2050
25.4702,11,0.1380,0.2130,-0.1990
25.5317,11,0.1380,0.2320,-0.1560
25.5585,11,0.1380,0.2300,-0.1520
25.5850,11,0.1380,0.2280,-0.1500
25.6096,11,0.1380,0.2280,-0.1510
25.6214,11,0.1380,0.2270,-0.1520
25.6390,11,0.1380,0.2280,-0.1510
25.7054,11,0.1380,0.2250,-0.1530
25.7216,11,0.1380,0.2120,-0.1680
25.7395,11,0.1380,0.2080,-0.1760
25.7761,11,0.1380,0.2010,-0.1810
25.8432,11,0.1380,0.2240,-0.1710
25.8681,11,0.1380,0.2120,-0.1910
25.8818,11,0.1380,0.2040,-0.2020
25.9170,11,0.1380,0.1660,-0.2440
25.9330,11,0.1380,0.1120,-0.2480
25.9504,11,0.1380,0.0730,-0.2040
25.9791,11,0.1380,0.0570,-0.1660
25.9996,11,0.1380,0.0630,-0.1710
26.0251,11,0.1380,0.0640,-0.1930
26.0459,11,0.1380,0.0680,-0.2070
26.0702,11,0.1380,0.0730,-0.2240
26.0889,11,0.1380,0.0920,-0.2350
26.1140,11,0.1380,0.1120,-0.2430
26.1214,11,0.1150,0.1240,-0.2550
26.1918,11,0.5222,0.2910,-0.3950
26.2853,11,1.9396,0.2100,-0.2980
26.3068,11,3.4944,0.1890,-0.3210
26.3759,11,4.2888,0.1870,-0.3380
26.4598,11,5.2017,0.0520,-0.3560
26.4685,11,5.9889,0.0650,-0.2960
26.4909,11,6.2599,0.0600,-0.2900
26.5149,11,5.4454,0.0510,-0.2880
26.5277,11,4.4552,0.0490,-0.2880
26.5403,11,4.1738,0.0430,-0.2930
26.5559,11,3.7345,0.0350,-0.2980
26.5585,11,3.3842,0.0280,-0.3000
26.5933,11,3.0523,0.0280,-0.2930
26.6193,11,2.7682,0.0350,-0.3040
26.6387,11,2.5016,0.0370,-0.3080
26.6608,11,2.2659,0.0390,-0.3030
26.6725,11,2.0554,0.0450,-0.3000
26.6853,11,1.8906,0.0460,-0.2980
26.7052,11,1.7864,0.0470,-0.2960
26.7199,11,1.7097,0.0480,-0.2950
26.7346,11,1.6396,0.0520,-0.2940
26.7585,11,1.5833,0.0620,-0.2860
26.7659,11,1.5195,0.0800,-0.2770
26.7897,12,1.4555,0.1010,-0.2740
26.8106,12,1.3913,0.1130,-0.2750
26.8367,12,1.3344,0.1200,-0.2740
26.8401,12,1.3059,0.1240,-0.2720
26.8466,12,1.2845,0.1270,-0.2700
26.8587,12,1.2845,0.1300,-0.2700
26.8724,12,1.2917,0.1300,-0.2690
26.9242,12,1.2627,0.1350,-0.2420
26.9714,12,1.1974,0.1580,-0.2050
26.9856,12,1.1103,0.1650,-0.2010
26.9955,12,1.0159,0.1710,-0.1970
27.0078,12,0.9141,0.1760,-0.1950
27.0398,12,0.7972,0.1790,-0.1940
27.0740,12,0.7162,0.1790,-0.1960
27.1018,12,0.6644,0.1750,-0.2150
27.1337,12,0.5975,0.1460,-0.2310
27.1440,12,0.5304,0.1190,-0.2310
27.1800,12,0.4706,0.0930,-0.2300
27.1906,12,0.4332,0.0760,-0.2130
27.2337,12,0.4032,0.0820,-0.1680
27.2759,12,0.3732,0.1030,-0.1690
27.2817,12,0.3656,0.1250,-0.1800
27.3096,12,0.3277,0.1410,-0.1910
27.3439,12,0.2898,0.1480,-0.2050
27.3496,12,0.3789,0.1480,-0.2210
27.3675,12,0.6598,0.1440,-0.2320
27.3881,12,1.0823,0.1530,-0.2500
27.4089,12,1.6218,0.1650,-0.2520
27.4429,12,2.3860,0.1780,-0.2510
27.4531,12,3.2342,0.1900,-0.2480
27.4760,12,3.9907,0.1890,-0.2500
27.5122,12,4.6024,0.1810,-0.2500
27.5218,12,5.0431,0.1690,-0.2520
27.5495,12,5.3199,0.1510,-0.2630
27.5713,12,5.3561,0.1350,-0.2700
27.5911,12,5.2232,0.1270,-0.2750
27.6258,12,4.9740,0.1200,-0.2820
27.6369,12,4.6528,0.1140,-0.2900
27.6716,12,4.2904,0.1100,-0.2870
27.7076,12,3.8968,0.1070,-0.2920
27.7637,12,3.4082,0.1410,-0.3720
27.8224,12,2.9350,0.0820,-0.3330
27.8421,12,2.5426,0.0830,-0.3320
27.8716,12,2.1185,0.0870,-0.3250
27.9022,12,1.7719,0.0940,-0.3170
27.9135,13,1.4749,0.1050,-0.3170
27.9449,13,1.2384,0.1170,-0.3150
28.0143,13,1.1161,0.1260,-0.3190
28.0274,13,0.9643,0.1300,-0.3280
28.0533,13,0.8247,0.1350,-0.3320
28.0620,13,0.6778,0.1390,-0.3360
28.0880,13,0.6120,0.1410,-0.3360
28.0983,13,0.6269,0.1440,-0.3340
28.1403,13,0.5147,0.1460,-0.3300
28.1443,13,0.4397,0.1470,-0.3200
28.1537,13,0.4095,0.1430,-0.3130
28.1785,13,0.4020,0.1340,-0.3120
28.1874,13,0.3271,0.1160,-0.3160
28.2134,13,0.2597,0.0820,-0.3240
28.2463,13,0.3275,0.0670,-0.3430
28.2582,13,0.3876,0.0650,-0.3500
28.2994,13,0.4478,0.0780,-0.3330
28.3260,13,0.4853,0.0880,-0.3170
28.3573,13,0.5378,0.0790,-0.3260
28.3732,13,0.5904,0.0740,-0.3370
28.4580,13,0.8476,0.0770,-0.3300
28.5139,13,1.3623,0.1080,-0.3470
28.5355,13,1.9025,0.1240,-0.3490
28.5639,13,2.4928,0.1370,-0.3410
28.5777,13,3.0770,0.1460,-0.3350
28.6146,13,3.6423,0.1510,-0.3390
28.6353,13,3.8999,0.1530,-0.3320
28.6699,13,3.8615,0.1520,-0.3190
28.6811,13,3.7589,0.1550,-0.3080
28.7072,13,3.5536,0.1540,-0.3080
28.7391,13,3.3080,0.1470,-0.3180
28.7815,13,2.9930,0.1310,-0.3280
28.8829,13,2.5807,0.1280,-0.4080
28.9357,13,2.2069,0.1110,-0.3310
28.9844,13,1.8718,0.1280,-0.3260
28.9894,13,1.5893,0.1450,-0.3210
29.0084,14,1.2133,0.1570,-0.3230
29.0278,14,0.9630,0.1630,-0.3290
29.0634,14,0.8155,0.1580,-0.3270
29.0740,14,0.6299,0.1420,-0.3240
29.0981,14,0.4367,0.1160,-0.3270
29.1173,14,0.2435,0.0710,-0.3470
29.1472,14,0.1902,0.0270,-0.3500
29.1709,14,0.0995,-0.0090,-0.3460
29.1864,14,0.0538,0.0050,-0.3360
29.2128,14,0.0461,0.0250,-0.3260
29.2424,14,0.0461,0.0410,-0.3150
29.2737,14,0.0384,0.0550,-0.3120
29.2860,14,0.0537,0.0690,-0.3170
29.3042,14,0.0691,0.0800,-0.3180
29.3140,14,0.1374,0.0770,-0.3250
29.3468,14,0.6329,0.0810,-0.3290
29.3825,14,1.3326,0.0740,-0.3390
29.3985,14,2.4063,0.0660,-0.3470
29.4198,14,3.7243,0.0660,-0.3510
29.4478,14,5.2941,0.0790,-0.3480
29.4908,14,6.8951,0.1060,-0.3290
29.5130,14,8.0196,0.1330,-0.3090
29.5419,14,8.8899,0.1480,-0.2950
29.5772,14,9.1837,0.1540,-0.2850
29.6038,14,9.0875,0.1560,-0.2570
29.6322,14,8.5795,0.1630,-0.2390
29.6452,14,7.9365,0.1680,-0.2270
29.6796,14,7.1382,0.1690,-0.2130
29.7073,14,6.2616,0.1670,-0.2020
29.7352,14,5.5454,0.1670,-0.1930
29.7400,14,4.9329,0.1640,-0.1930
29.7484,14,4.4612,0.1580,-0.1990
29.7628,14,4.0148,0.1560,-0.2050
29.7755,14,3.7473,0.1540,-0.2140
29.8090,14,3.5624,0.1530,-0.2300
29.8302,14,3.3815,0.1520,-0.2300
29.8640,14,3.1254,0.1490,-0.2320
29.8782,14,2.8540,0.1490,-0.2350
29.9012,14,2.5735,0.1540,-0.2420
29.9082,14,2.3188,0.1570,-0.2450
29.9106,14,2.1026,0.1610,-0.2460
29.9377,14,1.9186,0.1680,-0.2430
29.9435,14,1.8146,0.1770,-0.2370
29.9474,14,1.7449,0.1880,-0.2290
29.9677,14,1.6602,0.2090,-0.2150
29.9968,14,1.5251,0.2140,-0.2150
30.0183,15,1.3968,0.2100,-0.2270
30.0261,15,1.2754,0.2090,-0.2320
30.0355,15,1.1679,0.2030,-0.2380
30.0494,15,0.9793,0.1950,-0.2440
30.0715,15,0.8102,0.1850,-0.2490
30.0913,15,0.6382,0.1740,-0.2540
30.0944,15,0.4663,0.1640,-0.2580
30.1011,15,0.3016,0.1550,-0.2620
30.1437,15,0.1369,0.1270,-0.2920
30.2236,15,0.0534,0.1270,-0.3190
30.2944,15,0.0000,0.1360,-0.3480
30.3367,15,0.0000,0.1520,-0.3340
30.3434,15,0.0000,0.1690,-0.3270
30.3716,15,0.0000,0.1790,-0.3200
30.3912,15,0.0000,0.1820,-0.3120
30.4201,15,0.0000,0.1830,-0.2960
30.4384,15,0.0000,0.1850,-0.2820
30.4629,15,0.0000,0.1870,-0.2770
30.4875,15,0.0000,0.1910,-0.2740
30.5133,15,0.0000,0.1890,-0.2710
30.5291,15,0.0000,0.1840,-0.2690
30.5583,15,0.0000,0.1720,-0.2760
30.5738,15,0.0000,0.1570,-0.2900
30.6620,15,0.0000,0.1480,-0.3030
30.6823,15,0.0000,0.1360,-0.3290
30.6939,15,0.0000,0.1350,-0.3320
30.7244,15,0.0000,0.1060,-0.3070
30.7411,15,0.0000,0.1300,-0.3470
30.8135,15,0.0000,0.0760,-0.3850
30.8307,15,0.0000,0.0640,-0.3950
30.8514,15,0.0000,0.0500,-0.3970
30.8830,15,0.0000,0.0450,-0.4060
30.8975,15,0.0000,0.0380,-0.4040
30.9230,15,0.0000,0.0330,-0.4020
30.9383,15,0.0000,0.0330,-0.4100
30.9665,15,0.0000,0.0360,-0.4110
30.9740,15,0.0000,0.0290,-0.4070
31.0047,15,0.0000,0.0230,-0.3960
31.0200,15,0.0000,0.0180,-0.4000
31.0539,15,0.0000,0.0230,-0.3950
31.0801,15,0.0000,0.0250,-0.3740
31.1223,15,0.0000,0.0220,-0.3470
31.1318,15,0.0000,-0.0040,-0.3220
31.1531,15,0.0000,-0.0170,-0.3130
31.1695,15,0.0000,-0.0390,-0.2940
31.1984,15,0.0000,-0.0700,-0.2640
31.2246,15,0.0000,-0.0960,-0.2200
31.2313,15,0.0000,-0.1320,-0.1730
31.2366,15,0.0000,-0.1450,-0.1390
31.2619,15,0.0000,-0.1560,-0.0970
31.2709,15,0.0000,-0.1660,-0.0480
31.3007,15,0.0000,-0.1820,0.1150
31.3214,15,0.0000,-0.1790,0.2210
31.3470,15,0.0000,-0.1720,0.3260
31.4205,15,0.0000,0.0840,0.8130
31.4842,15,0.0000,0.5390,1.0080
31.5018,15,0.0000,0.9940,1.0020
31.5358,15,0.0000,0.9940,1.0020
31.5679,15,0.0000,0.9940,1.0020
31.5832,15,0.0000,0.9950,1.0020
31.6345,15,0.0000,0.9960,1.0020
31.6650,15,0.0000,0.9950,1.0010
31.6741,15,0.0000,0.9950,1.0020
31.7049,15,0.0000,0.9970,1.0010
31.7205,15,0.0000,0.9960,1.0020
31.7445,15,0.0000,0.9970,1.0020
31.7844,15,0.0000,0.9970,1.0020
31.8057,15,0.0000,0.9970,1.0020
31.8233,15,0.0000,0.9960,1.0010
31.8543,15,0.0000,0.9970,1.0020
31.8679,15,0.0000,0.9970,1.0020
31.8934,15,0.0000,0.9980,1.0020
31.9278,15,0.0000,0.9970,1.0010
31.9517,15,0.0000,0.9960,1.0010
31.9796,15,0.0000,0.9960,1.0010
32.0069,15,0.0000,0.9970,1.0020
32.0169,15,0.0000,0.9960,1.0010
32.0429,15,0.0000,0.9980,1.0010
32.1164,15,0.0000,0.9970,1.0010
32.1266,15,0.0000,0.9970,1.0010
32.1404,15,0.0000,0.9970,1.0010
32.1501,15,0.0000,0.9970,1.0010
32.1581,15,0.0000,0.9960,1.0000
32.1719,15,0.0000,0.9970,1.0010
32.1895,15,0.0000,0.9990,1.0020
32.2197,15,0.0000,0.9980,1.0010
32.2478,15,0.0000,0.9980,1.0010
32.2634,15,0.0000,0.9980,1.0010
32.2828,15,0.0000,0.9970,1.0000
32.3512,15,0.0000,0.9980,1.1130
32.3704,15,0.0000,0.9980,1.1130
32.3862,15,0.0000,0.9970,1.1130
32.4074,15,0.0000,0.9970,1.1120
32.4481,15,0.0000,0.9980,1.1120
32.5186,15,0.0000,0.9990,1.0020
32.5458,15,0.0000,0.9980,1.0010
32.5745,15,0.0000,0.9980,1.0010
32.5907,15,0.0000,0.9980,1.0010
32.6163,15,0.0000,0.9980,1.0020
32.6321,15,0.0000,0.9980,1.0020
32.6449,15,0.0000,0.9970,1.0010
32.6546,15,0.0000,0.9970,1.0010
32.6600,15,0.0000,0.9970,1.0010
32.6784,15,0.0000,0.9980,1.0010
32.7233,15,0.0000,0.9990,1.0020
32.7571,15,0.0000,0.9980,1.0010
32.7767,15,0.0000,0.9980,1.0010
32.8104,15,0.0000,0.9980,1.0020
32.8240,15,0.0000,0.9980,1.0010
32.8434,15,0.0000,0.9980,1.0010
32.8810,15,0.0000,0.9990,1.0020
32.9252,15,0.0000,0.9980,1.0020
32.9489,15,0.0000,0.9980,1.0010
32.9702,15,0.0000,0.9980,1.0020
33.0064,15,0.0000,0.9980,1.0010
33.0508,15,0.0000,0.9990,1.0010
33.0619,15,0.0000,0.9980,1.0010
33.0803,15,0.0000,0.9980,1.0010
33.0972,15,0.0000,0.9990,1.0020
33.1425,15,0.0000,0.9980,1.0010
33.1555,15,0.0000,0.9980,1.0010
33.1788,15,0.0000,0.9980,1.0010
33.2250,15,0.0000,0.9990,1.0020
33.2423,15,0.0000,0.9980,1.0010
33.2500,15,0.0000,0.9980,1.0010
33.2603,15,0.0000,0.9980,1.0020
33.2669,15,0.0000,0.9990,1.0020
33.2704,15,0.0000,0.9990,1.0020
33.2812,15,0.0000,0.9990,1.0010
33.3174,15,0.0000,0.9980,1.0010
33.3413,15,0.0000,0.9990,1.0020
33.3486,15,0.0000,0.9990,1.0020
33.3780,15,0.0000,0.9970,1.0010
33.3953,15,0.0000,0.9990,1.0020
33.4270,15,0.0000,0.9990,1.0020
33.4407,15,0.0000,0.9990,1.0020
33.4748,15,0.0000,0.9990,1.0020
33.4930,15,0.0000,0.9990,1.0020
33.5093,15,0.0000,0.9990,1.0020
33.5383,15,0.0000,0.9980,1.0010
33.6142,15,0.0000,0.9990,1.1130
33.6826,15,0.0000,0.9980,1.0010
33.6927,15,0.0000,0.9980,1.0010
33.7234,15,0.0000,0.9980,1.0010
33.7632,15,0.0000,0.9990,1.0020
33.7741,15,0.0000,0.9980,1.0020
33.7899,15,0.0000,0.9980,1.0020
33.8053,15,0.0000,0.9980,1.0020
33.8201,15,0.0000,0.9980,1.0010
33.8666,15,0.0000,0.9980,1.0020
33.8919,15,0.0000,0.9990,1.0010
33.9212,15,0.0000,0.9980,1.0010
33.9352,15,0.0000,0.9980,1.0010
33.9695,15,0.0000,0.9980,1.0010
34.0104,15,0.0000,0.9980,1.0010
34.0417,15,0.0000,0.9980,1.0010
34.0507,15,0.0000,0.9980,1.0020
34.0830,15,0.0000,0.9980,1.0010
34.0964,15,0.0000,0.9980,1.0020
34.1374,15,0.0000,0.9980,1.0010
34.1546,15,0.0000,0.9990,1.0020
34.1759,15,0.0000,0.9990,1.0010
34.2021,15,0.0000,0.9990,1.0020
34.2238,15,0.0000,0.9990,1.0010
34.2436,15,0.0000,0.9990,1.0020
34.3014,15,0.0000,1.2750,1.0020
