Max,5.4409
Set,Time,Reps,Angle,Velocity,X,Y
1,0.0922,0,0.0000,0.0000,-0.9930,-0.9740
1,0.1033,0,0.0000,0.0000,-0.9930,-0.9740
1,0.1200,0,0.0000,0.0000,-0.9930,-0.9740
1,0.1550,0,0.0000,0.0000,-0.9930,-0.9740
1,0.1722,0,0.0000,0.0000,-0.9930,-0.9730
1,0.1970,0,0.0000,0.0000,-0.9930,-0.9730
1,0.2179,0,0.0000,0.0000,-0.9930,-0.9730
1,0.2412,0,0.0000,0.0000,-0.9930,-0.9730
1,0.2661,0,0.0000,0.0000,-0.9930,-0.9720
1,0.2943,0,0.0000,0.0000,-0.9930,-0.9720
1,0.3100,0,0.0000,0.0000,-0.9930,-0.9720
1,0.3348,0,0.0000,0.0000,-0.9930,-0.9720
1,0.3566,0,0.0000,0.0000,-0.9920,-0.9720
1,0.3794,0,0.0000,0.0000,-0.9920,-0.9720
1,0.4035,0,0.0000,0.0000,-0.9920,-0.9710
1,0.4246,0,0.0000,0.0000,-0.9920,-0.9710
1,0.4482,0,0.0000,0.0000,-0.9920,-0.9710
1,0.4742,0,0.0000,0.0000,-0.9920,-0.9710
1,0.4940,0,0.0000,0.0000,-0.9920,-0.9710
1,0.5171,0,0.0000,0.0000,-0.9920,-0.9710
1,0.5538,0,0.0000,0.0000,-0.9920,-0.9710
1,0.5740,0,0.0000,0.0000,-0.9920,-0.9710
1,0.6002,0,0.0000,0.0000,-0.9920,-0.9710
1,0.6214,0,0.0000,0.0000,-0.9930,-0.9720
1,0.6431,0,0.0000,0.0000,-0.9930,-0.9720
1,0.6747,0,0.0000,0.0000,-0.9930,-0.9720
1,0.6886,0,0.0000,0.0000,-0.9930,-0.9720
1,0.7115,0,0.0000,0.0000,-0.9930,-0.9720
1,0.7369,0,0.0000,0.0000,-0.9930,-0.9720
1,0.7576,0,0.0000,0.0000,-0.9930,-0.9710
1,0.7807,0,0.0000,0.0000,-0.9930,-0.9700
1,0.8498,0,0.0000,0.0000,-1.0000,-0.9680
1,0.9183,0,0.0000,0.0000,-0.9890,-0.9550
1,0.9529,0,0.0000,0.0000,-0.9770,-0.9340
1,0.9761,0,0.0000,0.0000,-0.9740,-0.9310
1,0.9991,0,0.0000,0.0000,-0.9730,-0.9310
1,1.0455,0,0.0000,0.0000,-0.9740,-0.9350
1,1.0711,0,0.0000,0.0000,-0.9750,-0.9430
1,1.0906,0,0.0000,0.0000,-0.9770,-0.9500
1,1.1145,0,0.0000,0.0000,-0.9800,-0.9570
1,1.1255,0,0.0000,0.0000,-0.9840,-0.9650
1,1.1424,0,0.0000,0.0000,-0.9860,-0.9680
1,1.1485,0,0.0000,0.0000,-0.9880,-0.9710
1,1.1764,0,0.0000,0.0000,-0.9920,-0.9770
1,1.1941,0,0.0000,0.0000,-0.9960,-0.9810
1,1.2206,0,0.0000,0.0000,-1.0000,-0.9840
1,1.2491,0,0.0000,0.0000,-1.0030,-0.9870
1,1.2629,0,0.0000,0.0000,-1.0040,-0.9890
1,1.2833,0,0.0000,0.0000,-1.0040,-0.9910
1,1.2909,0,0.0000,0.0000,-1.0030,-0.9910
1,1.2977,0,0.0000,0.0000,-1.0030,-0.9900
1,1.3172,0,0.0000,0.0000,-1.0010,-0.9890
1,1.3318,0,0.0000,0.0000,-0.9970,-0.9850
1,1.3566,0,0.0000,0.0000,-0.9940,-0.9820
1,1.3841,0,0.0000,0.0000,-0.9940,-0.9840
1,1.4009,0,0.0000,0.0000,-0.9950,-0.9870
1,1.4175,0,0.0000,0.0000,-0.9970,-0.9910
1,1.4239,0,0.0000,0.0000,-0.9970,-0.9940
1,1.4353,0,0.0000,0.0000,-0.9980,-0.9960
1,1.4508,0,0.0000,0.0000,-0.9990,-0.9980
1,1.4628,0,0.0000,0.0000,-1.0000,-0.9990
1,1.4895,0,0.0000,0.0000,-1.0000,-1.0000
1,1.5044,0,0.0000,0.0000,-1.0000,-1.0000
1,1.5308,0,0.0000,0.0000,-1.0000,-1.0000
1,1.5586,0,0.0000,0.0000,-1.0000,-1.0000
1,1.5704,0,0.0000,0.0000,-1.0000,-1.0000
1,1.5729,0,0.0000,0.0000,-1.0000,-1.0000
1,1.5845,0,0.0000,0.0000,-1.0000,-1.0000
1,1.6188,0,0.0000,0.0000,-1.0000,-1.0000
1,1.6533,0,0.0000,0.0000,-1.0000,-1.0000
1,1.7023,0,0.0000,0.0000,-1.0000,-1.0000
1,1.7107,0,0.0000,0.0000,-1.0000,-1.0000
1,1.7376,0,0.0000,0.0000,-1.0000,-1.0000
1,1.7614,0,0.0000,0.0000,-1.0000,-1.0000
1,1.7801,0,0.0000,0.0000,-1.0000,-1.0000
1,1.8157,0,0.0000,0.0000,-1.0000,-1.0000
1,1.8494,0,0.0000,0.0000,-1.0000,-1.0000
1,1.8781,0,0.0000,0.0000,-1.0000,-1.0000
1,1.8947,0,0.0000,0.0000,-1.0000,-1.0000
1,1.9634,0,0.0000,0.0000,-1.0130,-1.0130
1,2.0323,0,0.0000,0.0000,-1.0000,-1.0000
1,2.0567,0,0.0000,0.0000,-1.0000,-1.0000
1,2.0835,0,0.0000,0.0000,-1.0000,-1.0000
1,2.1012,0,0.0000,0.0000,-1.0000,-1.0000
1,2.1358,0,0.0000,0.0000,-1.0000,-1.0000
1,2.1587,0,0.0000,0.0000,-1.0000,-1.0000
1,2.1833,0,0.0000,0.0000,-1.0000,-1.0000
1,2.2046,0,0.0000,0.0000,-1.0000,-1.0000
1,2.2300,0,0.0000,0.0000,-1.0000,-1.0000
1,2.2516,0,0.0000,0.0000,-0.9840,-0.9900
1,2.2854,0,0.0000,0.0000,-0.9280,-0.9810
1,2.3206,0,0.0000,0.0000,-0.9370,-0.9670
1,2.3329,0,0.0000,0.0000,-0.9330,-0.9600
1,2.3426,0,0.0000,0.0000,-0.9260,-0.9570
1,2.3548,0,0.0000,0.0000,-0.9190,-0.9550
1,2.3700,0,0.0000,0.0000,-0.9120,-0.9530
1,2.3774,0,0.0000,0.0000,-0.9050,-0.9510
1,2.3984,0,0.0000,0.0000,-0.8990,-0.9480
1,2.4227,0,0.0000,0.0000,-0.8750,-0.9370
1,2.4459,0,0.0000,0.0000,-0.8610,-0.9280
1,2.4574,0,0.0000,0.0000,-0.8470,-0.9180
1,2.4715,0,0.0000,0.0000,-0.8410,-0.9120
1,2.4801,0,0.0000,0.0000,-0.8340,-0.9060
1,2.4918,0,0.0000,0.0000,-0.8280,-0.9000
1,2.5054,0,0.0000,0.0000,-0.8210,-0.8940
1,2.5177,0,0.0000,0.0000,-0.8150,-0.8880
1,2.5264,0,0.0000,0.0000,-0.8100,-0.8830
1,2.5478,0,0.0000,0.0000,-0.8060,-0.8780
1,2.5494,0,0.0000,0.0000,-0.8020,-0.8730
1,2.5824,0,0.0000,0.0000,-0.8000,-0.8640
1,2.6064,0,0.0000,0.0000,-0.8010,-0.8530
1,2.6298,0,0.0000,0.0000,-0.7990,-0.8390
1,2.6549,0,0.0000,0.0000,-0.7990,-0.8310
1,2.6759,0,0.0000,0.0000,-0.8000,-0.8230
1,2.6990,0,0.0000,0.0000,-0.8030,-0.8150
1,2.7218,0,0.0000,0.0000,-0.8080,-0.8130
1,2.7602,0,0.0000,0.0000,-0.8190,-0.8030
1,2.7790,0,0.0000,0.0000,-0.8280,-0.8010
1,2.8019,0,0.0000,0.0000,-0.8310,-0.8010
1,2.8272,0,0.0000,0.0000,-0.8350,-0.8030
1,2.8480,0,0.0000,0.0000,-0.8390,-0.8040
1,2.8727,0,0.0000,0.0000,-0.8420,-0.8050
1,2.9054,0,0.0000,0.0000,-0.8440,-0.8070
1,2.9328,0,0.0000,0.0000,-0.8430,-0.8070
1,2.9512,0,0.0000,0.0000,-0.8400,-0.8070
1,2.9752,0,0.0000,0.0000,-0.8390,-0.8070
1,3.0053,0,0.0000,0.0000,-0.8370,-0.8070
1,3.0201,0,0.0000,0.0000,-0.8360,-0.8060
1,3.0547,0,0.0000,0.0000,-0.8330,-0.8060
1,3.0852,0,0.0000,0.0000,-0.8260,-0.8050
1,3.1003,0,0.0000,0.0000,-0.8220,-0.8050
1,3.1234,0,0.0000,0.0000,-0.8190,-0.8050
1,3.1520,0,0.0000,0.0000,-0.8160,-0.8050
1,3.1694,0,0.0000,0.0000,-0.8130,-0.8040
1,3.2038,0,0.0000,0.0000,-0.8070,-0.8040
1,3.2267,0,0.0000,0.0000,-0.8000,-0.8020
1,3.2518,0,0.0000,0.0000,-0.7920,-0.7990
1,3.2726,0,0.0000,0.0000,-0.7820,-0.7960
1,3.2962,0,0.0000,0.0000,-0.7720,-0.7940
1,3.3273,0,0.0000,0.0000,-0.7630,-0.7920
1,3.4105,0,0.0000,0.0000,-0.8110,-0.8600
1,3.4335,0,0.0000,0.0000,-0.8090,-0.8710
1,3.4636,0,0.0000,0.0000,-0.8100,-0.8740
1,3.4795,0,0.0000,0.0000,-0.8120,-0.8750
1,3.5370,0,0.0000,0.0000,-0.7430,-0.8080
1,3.5712,0,0.0000,0.0000,-0.7380,-0.8140
1,3.5890,0,0.0000,0.0000,-0.7390,-0.8160
1,3.6268,0,0.0000,0.0000,-0.7380,-0.8170
1,3.6401,0,0.0000,0.0000,-0.7400,-0.8210
1,3.6680,0,0.0000,0.0000,-0.7420,-0.8260
1,3.6960,0,0.0000,0.0000,-0.7430,-0.8300
1,3.7624,0,0.0000,0.0000,-0.7450,-0.8340
1,3.7680,0,0.0000,0.0000,-0.7500,-0.8410
1,3.7782,0,0.0000,0.0000,-0.7500,-0.8410
1,3.7965,0,0.0000,0.0000,-0.7510,-0.8420
1,3.8238,0,0.0000,0.0000,-0.7540,-0.8440
1,3.8469,0,0.0000,0.0000,-0.7590,-0.8470
1,3.8815,0,0.0000,0.0000,-0.7630,-0.8470
1,3.9375,0,0.0000,0.0000,-0.7900,-0.8410
1,3.9462,0,0.0000,0.0000,-0.7960,-0.8350
1,3.9505,0,0.0000,0.0000,-0.8000,-0.8330
1,3.9747,0,0.0000,0.0000,-0.8100,-0.8290
1,3.9963,0,0.0000,0.0000,-0.8200,-0.8250
1,4.0192,0,0.0000,0.0000,-0.8280,-0.8210
1,4.0424,0,0.0000,0.0000,-0.8360,-0.8170
1,4.0650,0,0.0000,0.0000,-0.8430,-0.8130
1,4.0848,0,0.0000,0.0000,-0.8530,-0.8100
1,4.0886,0,0.0000,0.0000,-0.8580,-0.8080
1,4.0994,0,0.0000,0.0000,-0.8640,-0.8060
1,4.1340,0,0.0000,0.0000,-0.8820,-0.8010
1,4.1570,0,0.0000,0.0000,-0.8960,-0.7980
1,4.1804,0,0.0000,0.0000,-0.9120,-0.7940
1,4.2074,0,0.0000,0.0000,-0.9290,-0.7910
1,4.2149,0,0.0000,0.0000,-0.9430,-0.7890
1,4.2552,0,0.0000,0.0000,-0.9520,-0.7870
1,4.2721,0,0.0000,0.0000,-0.9660,-0.7840
1,4.3063,0,0.0000,0.0000,-0.9770,-0.7810
1,4.3407,0,0.0000,0.0000,-0.9840,-0.7790
1,4.3993,0,0.0000,0.0000,-0.9900,-0.7780
1,4.4096,0,0.0000,0.0000,-0.9950,-0.7770
1,4.4706,0,0.0000,0.0000,-0.9970,-0.7770
1,4.5014,0,0.0000,0.0000,-0.9980,-0.7770
1,4.5405,0,0.0000,0.0000,-0.9970,-0.7770
1,4.5681,0,0.0000,0.0000,-0.9960,-0.7800
1,4.5820,0,0.0000,0.0000,-0.9960,-0.7820
1,4.6163,0,0.0000,0.0000,-0.9930,-0.7850
1,4.6650,0,0.0000,0.0000,-0.9890,-0.7910
1,4.6778,0,0.0000,0.0000,-0.9850,-0.8070
1,4.6855,0,0.0000,0.0000,-0.9830,-0.8100
1,4.7061,0,0.0000,0.0000,-0.9810,-0.8140
1,4.7147,0,0.0000,0.0000,-0.9790,-0.8170
1,4.7202,0,0.0000,0.0000,-0.9770,-0.8200
1,4.7432,0,0.0000,0.0000,-0.9720,-0.8190
1,4.8169,0,0.0000,0.0000,-0.9670,-0.8340
1,4.8427,0,0.0000,0.0000,-0.8730,-0.8640
1,4.8621,0,0.0000,0.0000,-0.8390,-0.8680
1,4.9426,0,0.0000,0.0000,-0.8180,-0.8660
1,4.9588,0,0.0000,0.0000,-0.7940,-0.8440
1,4.9823,0,0.0000,0.0000,-0.7900,-0.8390
1,4.9931,0,0.0000,0.0000,-0.7850,-0.8350
1,5.0099,0,0.0000,0.0000,-0.7830,-0.8330
1,5.0166,0,0.0000,0.0000,-0.7810,-0.8320
1,5.0277,0,0.0000,0.0000,-0.7800,-0.8310
1,5.0436,0,0.0000,0.0000,-0.7790,-0.8290
1,5.0768,0,0.0000,0.0000,-0.7810,-0.8270
1,5.1158,0,0.0000,0.0000,-0.7750,-0.8180
1,5.1495,0,0.0000,0.0000,-0.7690,-0.8100
1,5.1657,0,0.0000,0.0000,-0.7630,-0.8020
1,5.1923,0,0.0000,0.0000,-0.7610,-0.7970
1,5.2206,0,0.0000,0.0000,-0.7570,-0.7920
1,5.2342,0,0.0000,0.0000,-0.7520,-0.7880
1,5.2688,0,0.0000,0.0000,-0.7480,-0.7830
1,5.2984,0,0.2774,1.3394,-0.7470,-0.7800
1,5.3146,0,0.7761,5.7543,-0.7460,-0.7780
1,5.3375,0,1.3537,9.3587,-0.7470,-0.7770
1,5.3648,0,2.0987,13.2528,-0.7470,-0.7770
1,5.3926,0,2.9746,17.7583,-0.7470,-0.7780
1,5.4261,0,4.0042,22.1492,-0.7490,-0.7810
1,5.4410,0,5.0972,32.6021,-0.7520,-0.7840
1,5.4656,0,5.9484,36.2074,-0.7560,-0.7870
1,5.4870,0,6.5917,36.0803,-0.7620,-0.7900
1,5.5104,0,7.1516,35.8948,-0.7660,-0.7930
1,5.5835,0,6.9265,31.5608,-0.7670,-0.7950
1,5.6083,0,6.5546,24.9149,-0.7850,-0.7940
1,5.6293,0,6.6402,21.1070,-0.7890,-0.7920
1,5.7119,0,6.5079,10.4252,-0.7930,-0.7900
1,5.7171,0,6.2551,-1.4994,-0.7990,-0.7840
1,5.7443,0,5.8926,-7.6893,-0.8140,-0.7930
1,5.7601,0,5.3996,-15.5674,-0.8220,-0.7920
1,5.7774,0,5.4833,-14.4366,-0.8260,-0.7920
1,5.7893,0,5.5829,-11.0941,-0.8270,-0.7920
1,5.7944,0,4.9769,-28.3678,-0.8280,-0.7920
1,5.8167,0,4.4881,-31.2759,-0.8290,-0.7920
1,5.8186,0,4.0840,-55.5044,-0.8290,-0.7920
1,5.8291,0,3.6781,-59.1011,-0.8300,-0.7920
1,5.8407,0,3.3846,-58.2647,-0.8310,-0.7910
1,5.8532,0,3.0871,-62.3383,-0.8310,-0.7900
1,5.8642,0,2.7895,-67.4206,-0.8320,-0.7890
1,5.9006,0,2.5748,-51.5713,-0.8330,-0.7880
1,5.9293,0,2.3976,-49.3179,-0.8360,-0.7850
1,5.9442,0,2.2203,-19.8104,-0.8370,-0.7830
1,5.9747,0,2.1415,-14.6803,-0.8400,-0.7820
1,5.9899,0,2.0850,-11.5885,-0.8420,-0.7820
1,6.0130,1,1.9030,-9.3351,-0.8430,-0.7820
1,6.0374,1,1.6784,-6.7700,-0.8450,-0.7830
1,6.0706,1,1.4027,-7.1133,-0.8480,-0.7860
1,6.0942,1,1.2017,-7.4470,-0.8510,-0.7880
1,6.1160,1,0.9512,-7.3830,-0.8520,-0.7900
1,6.1397,1,0.6566,-8.7912,-0.8520,-0.7910
1,6.1720,1,0.3999,-9.3979,-0.8500,-0.7910
1,6.1855,1,0.3074,-9.2471,-0.8470,-0.7920
1,6.2145,1,0.2576,-8.1771,-0.8440,-0.7910
1,6.2309,1,0.2702,-6.8829,-0.8410,-0.7930
1,6.2538,1,0.2082,-6.0518,-0.8410,-0.7940
1,6.2807,1,0.1894,-4.5150,-0.8400,-0.7940
1,6.3083,1,0.2335,-2.5107,-0.8390,-0.7950
1,6.3234,1,0.2272,-1.4325,-0.8390,-0.7960
1,6.3555,1,0.2083,-0.5381,-0.8380,-0.7960
1,6.3690,1,0.2146,-0.2271,-0.8360,-0.7950
1,6.3920,1,0.2146,-0.3365,-0.8360,-0.7950
1,6.4165,1,0.2020,-0.0236,-0.8360,-0.7950
1,6.4377,1,0.1957,0.0341,-0.8350,-0.7950
1,6.4626,1,0.1769,-0.3012,-0.8350,-0.7950
1,6.4895,1,0.1517,-0.3758,-0.8340,-0.7950
1,6.5067,1,0.1706,-0.1344,-0.8340,-0.7960
1,6.5326,1,0.1643,-0.2349,-0.8330,-0.7980
1,6.5605,1,0.1580,-0.2671,-0.8320,-0.8010
1,6.5757,1,0.1643,-0.1347,-0.8320,-0.8030
1,6.5996,1,0.1706,-0.0547,-0.8310,-0.8050
1,6.6692,1,0.1832,0.0790,-0.9090,-0.7990
1,6.7381,1,0.2334,0.3171,-0.8260,-0.8130
1,6.7825,1,0.2646,0.2601,-0.8280,-0.8160
1,6.7982,1,0.2958,0.5798,-0.8290,-0.8160
1,6.8056,1,0.3332,1.3358,-0.8300,-0.8160
1,6.8410,1,0.3769,1.4529,-0.8290,-0.8150
1,6.8674,1,0.3894,1.4831,-0.8280,-0.8140
1,6.8858,1,0.3894,1.4573,-0.8300,-0.8130
1,6.9093,1,0.3707,1.2399,-0.8320,-0.8120
1,6.9345,1,0.3458,0.9982,-0.8330,-0.8110
1,6.9450,1,0.3209,0.3725,-0.8350,-0.8100
1,6.9549,1,0.2960,-0.7101,-0.8370,-0.8090
1,6.9738,1,0.2397,-1.3109,-0.8380,-0.8090
1,6.9892,1,0.2145,-1.6124,-0.8420,-0.8090
1,7.0143,1,0.1894,-1.7560,-0.8440,-0.8100
1,7.0425,1,23.3807,115.6678,-0.8460,-0.8110
1,7.0580,1,46.5721,329.5086,-0.8460,-0.8130
1,7.0842,1,69.7635,456.1688,-0.8470,-0.8140
1,7.0933,1,92.9549,820.5199,-0.8500,-0.8140
1,7.1150,1,116.1714,973.8501,-0.8530,-0.8140
1,7.1210,1,139.3880,1530.9908,-0.8580,-0.8150
1,7.1269,1,162.6045,2094.3286,-0.8630,-0.8180
1,7.1586,1,162.6045,1977.0183,-0.8740,-0.8270
1,7.1727,1,162.6045,1763.3189,-0.8820,-0.8330
1,7.1958,1,162.6045,1636.9990,-0.8890,-0.8300
1,7.2203,1,162.6045,1273.0069,-0.8950,-0.8220
1,7.2322,1,162.6045,1120.1014,-0.8970,-0.8160
1,7.2416,1,162.6045,563.1942,-0.8960,-0.8140
1,7.2597,1,162.6045,0.0000,-0.8940,-0.8130
1,7.2652,1,162.6045,0.0000,-0.8910,-0.8120
1,7.2764,1,162.6045,0.0000,-0.8890,-0.8110
1,7.2983,1,162.6045,0.0000,-0.8850,-0.8100
1,7.3105,1,162.6045,0.0000,-0.8780,-0.8100
1,7.3336,1,162.6045,0.0000,-0.8740,-0.8080
1,7.3794,1,139.6064,-71.7410,-0.8700,-0.8060
1,7.4025,1,116.8437,-212.3506,-0.8620,-0.8010
1,7.4307,1,94.1396,-327.6735,-0.8570,-0.7980
1,7.4606,1,71.6849,-434.9388,-0.8510,-0.7970
1,7.4868,1,49.4533,-556.2043,-0.8400,-0.7970
1,7.5198,1,27.4794,-651.2855,-0.8370,-0.7980
1,7.5403,1,5.5905,-803.6007,-0.8360,-0.7960
1,7.5695,1,6.6660,-726.5972,-0.8320,-0.7960
1,7.5965,1,7.4720,-581.7276,-0.8300,-0.7960
1,7.6617,1,8.0263,-465.1890,-0.8200,-0.8540
1,7.7127,1,7.9967,-358.0064,-0.8340,-0.8040
1,7.7355,1,7.6943,-238.6297,-0.8390,-0.8050
1,7.7611,1,7.0580,-147.0997,-0.8430,-0.8050
1,7.7815,2,6.1624,-1.0729,-0.8450,-0.8060
1,7.8045,2,5.2459,-12.0353,-0.8450,-0.8060
1,7.8282,2,4.2908,-22.0492,-0.8460,-0.8060
1,7.8394,2,3.5173,-33.0783,-0.8450,-0.8070
1,7.8506,2,3.1402,-37.8246,-0.8440,-0.8070
1,7.8625,2,2.8129,-39.8689,-0.8420,-0.8070
1,7.9006,2,2.4367,-37.7275,-0.8410,-0.8070
1,7.9194,2,2.0732,-34.2029,-0.8430,-0.8080
1,7.9431,2,1.7583,-30.4018,-0.8440,-0.8090
1,7.9695,2,1.5650,-25.6922,-0.8450,-0.8110
1,8.0094,2,1.3831,-16.5299,-0.8450,-0.8130
1,8.0154,2,1.1393,-17.5328,-0.8470,-0.8170
1,8.0226,2,0.8955,-18.4702,-0.8510,-0.8190
1,8.0489,2,0.7586,-17.8020,-0.8530,-0.8210
1,8.0765,2,0.7338,-15.1668,-0.8500,-0.8250
1,8.0914,2,0.6650,-13.9248,-0.8450,-0.8290
1,8.1147,2,0.5473,-13.6043,-0.8450,-0.8320
1,8.1261,2,0.4798,-13.7948,-0.8480,-0.8350
1,8.1375,2,0.4122,-8.8105,-0.8490,-0.8370
1,8.1496,2,0.3447,-4.7347,-0.8490,-0.8380
1,8.1609,2,0.2954,-4.6158,-0.8500,-0.8400
1,8.1951,2,0.2954,-4.4873,-0.8480,-0.8410
1,8.2299,2,0.3456,-3.6247,-0.8450,-0.8460
1,8.2656,2,0.3583,-2.8502,-0.8410,-0.8500
1,8.2937,2,0.3207,-2.2002,-0.8370,-0.8530
1,8.3101,2,0.2705,-1.7902,-0.8350,-0.8560
1,8.3402,2,0.2266,-1.2034,-0.8330,-0.8590
1,8.3556,2,0.1828,-0.9870,-0.8320,-0.8600
1,8.3903,2,0.1389,-1.1679,-0.8320,-0.8680
1,8.4246,2,0.0950,-1.5564,-0.8310,-0.8720
1,8.4483,2,0.0887,-1.6450,-0.8310,-0.8750
1,8.4747,2,0.0824,-1.4877,-0.8320,-0.8760
1,8.4936,2,0.0887,-1.0024,-0.8360,-0.8790
1,8.5279,2,0.0887,-0.7945,-0.8460,-0.8830
1,8.5622,2,0.0887,-0.3881,-0.8560,-0.8850
1,8.6492,2,0.0887,-0.2072,-0.8770,-0.8860
1,8.7003,2,0.0887,-0.0245,-0.8790,-0.9120
1,8.7347,2,0.0887,0.0135,-0.8710,-0.8980
1,8.8038,2,0.0887,0.0477,-0.8590,-0.8100
1,8.8625,2,0.5425,1.1051,-0.8520,-0.8030
1,8.8841,2,1.1437,5.0780,-0.8400,-0.7950
1,8.9072,2,1.9055,9.7975,-0.8370,-0.7930
1,8.9395,2,2.8534,13.9857,-0.8350,-0.7920
1,8.9669,2,3.3340,16.4901,-0.8330,-0.7900
1,8.9884,2,3.8938,20.2090,-0.8340,-0.7880
1,9.0106,2,4.4588,23.8431,-0.8360,-0.7870
1,9.0360,2,4.5699,23.3645,-0.8370,-0.7870
1,9.0565,2,5.1245,23.2534,-0.8380,-0.7860
1,9.0832,2,5.4964,20.5271,-0.8370,-0.7840
1,9.1142,2,5.6556,17.0722,-0.8360,-0.7810
1,9.1479,2,6.2056,16.8968,-0.8420,-0.7770
1,9.1600,2,6.6399,18.2967,-0.8430,-0.7750
1,9.1905,2,6.9477,16.1080,-0.8440,-0.7720
1,9.2059,2,7.1592,17.4378,-0.8440,-0.7710
1,9.2288,2,6.6960,10.6918,-0.8430,-0.7710
1,9.2546,3,6.1993,5.9400,-0.8410,-0.7720
1,9.2880,3,5.5835,2.5753,-0.8390,-0.7750
1,9.3088,3,4.8969,-4.4638,-0.8410,-0.7780
1,9.3321,3,4.2468,-13.5676,-0.8420,-0.7800
1,9.3552,3,3.7515,-18.0831,-0.8450,-0.7820
1,9.3781,3,3.2853,-22.9388,-0.8480,-0.7830
1,9.4640,3,2.7523,-20.9420,-0.8490,-0.7840
1,9.5631,3,2.1716,-19.0199,-0.9000,-0.8480
1,9.5822,3,1.7304,-19.6924,-0.9030,-0.8620
1,9.6401,3,1.3926,-15.8154,-0.8640,-0.8210
1,9.6664,3,1.0423,-13.7349,-0.8710,-0.8140
1,9.7004,3,0.6585,-12.2765,-0.8790,-0.8140
1,9.7117,3,0.3419,-13.3708,-0.8820,-0.8130
1,9.7203,3,0.1761,-15.2496,-0.8830,-0.8130
1,9.7473,3,0.1324,-14.6442,-0.8860,-0.8130
1,9.7778,3,0.1571,-11.2249,-0.8850,-0.8130
1,9.7834,3,0.2256,-8.6501,-0.8810,-0.8130
1,9.7892,3,0.3067,-4.7305,-0.8800,-0.8130
1,9.8019,3,0.3067,-3.1188,-0.8790,-0.8120
1,9.8344,3,0.3755,1.1773,-0.8730,-0.8120
1,9.8575,3,0.6978,5.9399,-0.8640,-0.8100
1,9.8831,3,1.2553,9.2765,-0.8570,-0.8100
1,9.9090,3,1.7869,12.0969,-0.8490,-0.8100
1,9.9265,3,2.5419,16.5244,-0.8390,-0.8120
1,9.9494,3,3.4566,20.1959,-0.8350,-0.8130
1,9.9726,3,4.6797,27.7530,-0.8310,-0.8150
1,9.9973,3,5.9323,34.6851,-0.8260,-0.8170
1,10.0184,3,6.9482,39.5580,-0.8240,-0.8200
1,10.0412,3,7.6888,41.0980,-0.8230,-0.8230
1,10.0756,3,8.3849,41.0495,-0.8220,-0.8260
1,10.0985,3,8.8106,37.5380,-0.8200,-0.8270
1,10.1222,3,9.0766,33.4542,-0.8190,-0.8270
1,10.1458,3,8.9758,25.2854,-0.8210,-0.8280
1,10.1752,3,8.6778,16.6023,-0.8250,-0.8260
1,10.1907,4,8.2798,6.0671,-0.8280,-0.8250
1,10.2138,4,7.8132,-1.4660,-0.8320,-0.8230
1,10.2385,4,7.3019,-7.3011,-0.8380,-0.8230
1,10.2633,4,6.7037,-13.4027,-0.8410,-0.8210
1,10.2824,4,5.9975,-20.2957,-0.8400,-0.8200
1,10.3052,4,5.3781,-23.5619,-0.8370,-0.8200
1,10.3285,4,4.7163,-26.1793,-0.8370,-0.8190
1,10.3972,4,4.1431,-23.7050,-0.8720,-0.8150
1,10.4701,4,3.4644,-22.1478,-0.8420,-0.8140
1,10.5042,4,2.8209,-21.8911,-0.8430,-0.8090
1,10.5304,4,2.2931,-21.3275,-0.8450,-0.8090
1,10.6007,4,1.8733,-16.8911,-0.8980,-0.8610
1,10.6164,4,1.5063,-16.3448,-0.9000,-0.8590
1,10.6422,4,1.2135,-13.8996,-0.9040,-0.8570
1,10.6506,4,0.9028,-17.9963,-0.9070,-0.8550
1,10.6729,4,0.7813,-17.4461,-0.9080,-0.8540
1,10.6785,4,0.6776,-17.3580,-0.9100,-0.8540
1,10.7542,4,0.6167,-14.5925,-0.8640,-0.8050
1,10.7887,4,0.5681,-13.9401,-0.8650,-0.8030
1,10.8161,4,0.5378,-10.7669,-0.8640,-0.8010
1,10.8340,4,0.4942,-9.4929,-0.8630,-0.8000
1,10.8685,4,0.7261,-3.2441,-0.8560,-0.7990
1,10.9029,4,1.2367,-0.3435,-0.8460,-0.7990
1,10.9717,4,2.2098,4.2799,-0.8310,-0.8030
1,10.9967,4,3.3666,11.0153,-0.8290,-0.8050
1,11.0176,4,4.5754,19.4512,-0.8280,-0.8060
1,11.0410,4,5.8122,27.1566,-0.8260,-0.8070
1,11.0714,4,7.1210,33.6598,-0.8270,-0.8080
1,11.0870,4,8.1541,42.1777,-0.8280,-0.8070
1,11.1078,4,8.8934,45.1239,-0.8280,-0.8050
1,11.1138,4,9.1320,48.8306,-0.8270,-0.8050
1,11.1436,4,9.1406,42.2515,-0.8260,-0.8010
1,11.1573,4,9.0286,32.8513,-0.8250,-0.7980
1,11.1842,4,8.8351,24.2737,-0.8250,-0.7940
1,11.2016,4,8.6145,16.3055,-0.8250,-0.7900
1,11.2263,5,8.3255,5.1610,-0.8250,-0.7870
1,11.2944,5,7.7391,-1.1356,-0.8290,-0.7840
1,11.3288,5,7.0067,-9.9073,-0.8250,-0.7820
1,11.3859,5,6.1111,-12.1902,-0.8220,-0.7800
1,11.4052,5,5.2663,-17.2886,-0.8220,-0.7770
1,11.4143,5,4.4789,-28.5765,-0.8210,-0.7760
1,11.4202,5,3.7215,-45.0791,-0.8210,-0.7760
1,11.4440,5,3.0282,-47.5822,-0.8210,-0.7740
1,11.4899,5,2.5216,-47.9267,-0.8210,-0.7730
1,11.5204,5,2.1877,-46.4444,-0.8220,-0.7710
1,11.5345,5,2.0206,-45.9051,-0.8240,-0.7710
1,11.5616,5,1.8293,-40.6471,-0.8250,-0.7710
1,11.5904,5,1.6396,-29.2722,-0.8260,-0.7710
1,11.6148,5,1.4613,-12.0013,-0.8240,-0.7720
1,11.6533,5,1.2700,-8.5411,-0.8250,-0.7730
1,11.6726,5,1.2107,-7.4068,-0.8260,-0.7740
1,11.7439,5,1.1631,-5.9399,-0.8240,-0.7750
1,11.8119,5,1.1453,-4.2751,-0.8260,-0.7760
1,11.8420,5,1.1513,-3.2406,-0.8270,-0.7770
1,11.8564,5,1.1274,-2.5348,-0.8280,-0.7780
1,11.8794,5,1.0795,-1.7890,-0.8290,-0.7790
1,11.9255,5,1.0493,-1.1733,-0.8320,-0.7800
1,11.9712,5,1.0070,-0.8654,-0.8340,-0.7810
1,11.9945,5,0.9647,-1.0290,-0.8370,-0.7820
1,12.0239,5,0.9105,-1.2556,-0.8400,-0.7830
1,12.0403,5,0.8622,-1.7047,-0.8420,-0.7840
1,12.0744,5,0.8138,-1.6695,-0.8450,-0.7840
1,12.1205,5,0.7834,-1.4660,-0.8460,-0.7850
1,12.1441,5,0.7652,-1.4830,-0.8470,-0.7850
1,12.1731,5,0.7591,-1.3806,-0.8470,-0.7850
1,12.1894,5,0.7530,-1.1750,-0.8460,-0.7850
1,12.2474,5,0.7469,-0.9259,-0.8450,-0.7840
1,12.2580,5,0.7408,-0.5877,-0.8440,-0.7830
1,12.2737,5,0.7408,-0.3854,-0.8440,-0.7830
1,12.2818,5,0.7408,-0.2912,-0.8440,-0.7830
1,12.2926,5,0.7408,-0.1809,-0.8430,-0.7830
1,12.3109,5,0.7408,-0.1509,-0.8430,-0.7830
1,12.3171,5,0.7408,-0.0975,-0.8430,-0.7830
1,12.3482,5,0.7408,-0.0825,-0.8430,-0.7840
1,12.3617,5,0.7347,-0.0645,-0.8440,-0.7850
1,12.3847,5,0.7286,-0.1025,-0.8460,-0.7870
1,12.3962,5,0.7225,-0.1787,-0.8480,-0.7880
1,12.4073,5,0.7163,-0.2568,-0.8480,-0.7890
1,12.4213,5,0.7102,-0.3193,-0.8490,-0.7900
1,12.4317,5,0.7041,-0.4032,-0.8500,-0.7910
1,12.4422,5,0.6858,-0.6543,-0.8510,-0.7910
1,12.4765,5,0.6612,-0.6920,-0.8510,-0.7920
1,12.5111,5,0.6366,-0.7556,-0.8530,-0.7970
1,12.5455,5,0.6120,-0.7813,-0.8510,-0.8020
1,12.5700,5,0.5376,-1.1377,-0.8510,-0.8070
1,12.5910,5,0.5130,-1.2427,-0.8520,-0.8090
1,12.6145,5,0.4448,-1.5729,-0.8550,-0.8110
1,12.6375,5,0.3574,-1.8648,-0.8570,-0.8130
1,12.6728,5,0.3263,-1.8883,-0.8600,-0.8170
1,12.7200,5,0.2512,-2.0140,-0.8610,-0.8210
1,12.7495,5,0.2014,-2.1532,-0.8590,-0.8240
1,12.7636,5,0.1761,-1.9753,-0.8580,-0.8250
1,12.7902,5,0.1325,-2.0420,-0.8570,-0.8250
1,12.8297,5,0.1009,-1.7419,-0.8560,-0.8250
1,12.8671,5,0.1262,-1.1023,-0.8550,-0.8260
1,12.8938,5,0.0885,-1.1786,-0.8550,-0.8270
1,12.9130,5,0.1075,-0.8101,-0.8550,-0.8270
1,13.0042,5,0.1012,-0.5788,-0.8530,-0.8280
1,13.0437,5,0.1201,-0.2536,-0.8510,-0.8280
1,13.0624,5,0.1013,-0.1639,-0.8510,-0.8280
1,13.0853,5,0.1139,0.0292,-0.8510,-0.8270
1,13.1108,5,0.1076,-0.1026,-0.8510,-0.8270
1,13.1454,5,0.1076,0.0993,-0.8500,-0.8260
1,13.1652,5,0.1013,-0.0875,-0.8500,-0.8250
1,13.1890,5,0.0950,-0.1155,-0.8500,-0.8240
1,13.2182,5,0.0950,-0.1842,-0.8500,-0.8230
1,13.2346,5,0.1013,0.0152,-0.8500,-0.8230
1,13.2645,5,0.1013,-0.0640,-0.8510,-0.8230
1,13.3150,5,0.0950,-0.0466,-0.8510,-0.8220
1,13.3302,5,0.1013,0.0127,-0.8510,-0.8220
1,13.3389,5,0.1013,0.0583,-0.8510,-0.8220
1,13.3493,5,0.1013,0.0963,-0.8500,-0.8220
1,13.3687,5,0.0950,0.0499,-0.8500,-0.8220
1,13.3748,5,0.0887,-0.1537,-0.8500,-0.8220
1,13.3844,5,0.0887,-0.1537,-0.8500,-0.8220
1,13.4065,5,0.0887,-0.1358,-0.8500,-0.8220
1,13.4080,5,0.0887,-0.1951,-0.8500,-0.8220
1,13.4298,5,0.0887,-0.1951,-0.8500,-0.8220
1,13.4638,5,0.0887,-0.1951,-0.8500,-0.8220
1,13.4904,5,0.0950,-0.1149,-0.8500,-0.8220
1,13.5190,5,0.1013,0.0655,-0.8490,-0.8220
1,13.5331,5,0.1076,0.1291,-0.8480,-0.8210
1,13.5571,5,0.1076,0.1291,-0.8480,-0.8210
1,13.5934,5,0.1140,0.1540,-0.8480,-0.8200
1,13.6134,5,0.1203,0.1991,-0.8480,-0.8200
1,13.6394,5,0.1266,0.2339,-0.8480,-0.8200
1,13.6698,5,0.1266,0.2000,-0.8480,-0.8200
1,13.6822,5,0.1266,0.1684,-0.8480,-0.8200
1,13.7102,5,0.1266,0.1047,-0.8480,-0.8190
1,13.7353,5,0.1329,0.1407,-0.8480,-0.8190
1,13.7511,5,0.1329,0.1159,-0.8470,-0.8180
1,13.7765,5,0.1329,0.0707,-0.8470,-0.8170
1,13.7969,5,0.1329,0.0359,-0.8470,-0.8160
1,13.8202,5,0.1329,0.0359,-0.8470,-0.8150
1,13.8467,5,0.1329,0.0359,-0.8470,-0.8140
1,13.8660,5,0.1329,0.0359,-0.8470,-0.8130
1,13.8885,5,0.1329,0.0000,-0.8470,-0.8120
1,13.9130,5,0.1329,0.0000,-0.8480,-0.8100
1,13.9376,5,0.1329,0.0000,-0.8480,-0.8090
1,13.9573,5,0.1329,0.0000,-0.8480,-0.8080
1,13.9804,5,0.1329,0.0000,-0.8480,-0.8070
1,14.0036,5,0.1329,0.0000,-0.8480,-0.8060
1,14.0296,5,0.1329,0.0000,-0.8480,-0.8060
1,14.0551,5,0.1329,0.0000,-0.8490,-0.8040
1,14.0722,5,0.1329,0.0000,-0.8550,-0.8010
1,14.0952,5,0.1329,0.0000,-0.8670,-0.8000
1,14.1193,5,0.1139,-0.1124,-0.8800,-0.8040
1,14.1439,5,0.0949,-0.2228,-0.8880,-0.8090
1,14.2101,5,0.0759,-0.2638,-0.9160,-0.8080
1,14.2790,5,0.0633,-0.2900,-0.8960,-0.7990
1,14.3140,5,0.0507,-0.3416,-0.8920,-0.7920
1,14.3254,5,0.0380,-0.5000,-0.8940,-0.7890
1,14.3546,5,0.0942,-0.2253,-0.8940,-0.7860
1,14.3709,5,0.4284,2.8319,-0.8930,-0.7860
1,14.3937,5,0.8185,5.3792,-0.8930,-0.7850
1,14.4190,5,1.3753,8.5645,-0.8940,-0.7840
1,14.4436,5,1.9982,12.2128,-0.8950,-0.7820
1,14.4630,5,2.8102,18.2487,-0.8950,-0.7810
1,14.4776,5,3.6702,26.8130,-0.8950,-0.7790
1,14.4858,5,4.4615,40.3771,-0.8950,-0.7780
1,14.5201,5,5.1202,40.1713,-0.8960,-0.7760
1,14.6037,5,5.0700,37.6488,-0.9470,-0.8200
1,14.6484,5,5.4081,35.5840,-0.9020,-0.7720
1,14.6877,5,5.6021,32.6663,-0.9040,-0.7670
1,14.7044,5,5.5484,26.2225,-0.9050,-0.7660
1,14.7273,5,5.3721,16.7184,-0.9040,-0.7670
1,14.7544,6,5.1656,1.7881,-0.9030,-0.7680
1,14.7627,6,4.8121,-7.0321,-0.9050,-0.7690
1,14.7727,6,5.0654,-3.3372,-0.9060,-0.7690
1,14.7863,6,4.7637,-7.5958,-0.9070,-0.7700
1,14.7962,6,4.4763,-12.4493,-0.9090,-0.7700
1,14.8073,6,4.2102,-15.3987,-0.9090,-0.7700
1,14.8304,6,3.8935,-16.2593,-0.9100,-0.7700
1,14.8533,6,3.6071,-16.9572,-0.9110,-0.7710
1,14.8786,6,3.3467,-12.3456,-0.9110,-0.7720
1,14.9036,6,3.1102,-17.3041,-0.9100,-0.7730
1,14.9133,6,2.8737,-17.6270,-0.9100,-0.7730
1,14.9221,6,2.6553,-17.0113,-0.9100,-0.7730
1,14.9392,6,2.4740,-15.1209,-0.9100,-0.7730
1,14.9452,6,2.4122,-14.6115,-0.9110,-0.7730
1,14.9565,6,2.3334,-13.8224,-0.9100,-0.7730
1,14.9910,6,2.2260,-12.7976,-0.9090,-0.7720
1,15.0140,6,2.1237,-12.0847,-0.9090,-0.7710
1,15.0369,6,1.9923,-9.4005,-0.9090,-0.7700
1,15.0598,6,1.8530,-6.7355,-0.9080,-0.7680
1,15.0714,6,1.7197,-6.8624,-0.9050,-0.7670
1,15.0828,6,1.5921,-7.0133,-0.9040,-0.7670
1,15.1175,6,1.4934,-6.4197,-0.9000,-0.7670
1,15.1530,6,1.4235,-6.2556,-0.8940,-0.7650
1,15.1907,6,1.3710,-5.8184,-0.8900,-0.7630
1,15.2121,6,1.3534,-5.1180,-0.8890,-0.7610
1,15.2320,6,1.3712,-4.1219,-0.8880,-0.7600
1,15.2554,6,1.3771,-2.4404,-0.8870,-0.7580
1,15.2784,6,1.3771,-0.8399,-0.8860,-0.7570
1,15.3132,6,1.3771,-0.4333,-0.8840,-0.7560
1,15.3469,6,1.3653,-0.2028,-0.8830,-0.7560
1,15.3723,6,1.3416,-0.1366,-0.8820,-0.7550
1,15.3982,6,1.3120,-0.1826,-0.8830,-0.7540
1,15.4162,6,1.2883,-0.4989,-0.8840,-0.7540
1,15.4388,6,1.2525,-0.7609,-0.8840,-0.7540
1,15.4736,6,1.1865,-1.0323,-0.8850,-0.7550
1,15.5085,6,1.1086,-1.3508,-0.8850,-0.7580
1,15.5366,6,1.0366,-1.6662,-0.8860,-0.7610
1,15.5685,6,0.9765,-1.8025,-0.8870,-0.7630
1,15.5707,6,0.9164,-5.5077,-0.8870,-0.7640
1,15.5884,6,0.8623,-5.7575,-0.8890,-0.7650
1,15.6114,6,0.7708,-6.0998,-0.8880,-0.7670
1,15.6365,6,0.6906,-6.2841,-0.8870,-0.7670
1,15.6616,6,0.6105,-6.4220,-0.8860,-0.7680
1,15.6686,6,0.5303,-7.6941,-0.8870,-0.7690
1,15.6799,6,0.4501,-8.4374,-0.8880,-0.7700
1,15.6945,6,0.3699,-5.3535,-0.8890,-0.7710
1,15.7030,6,0.2898,-6.2598,-0.8890,-0.7710
1,15.7205,6,0.2270,-6.2036,-0.8890,-0.7720
1,15.7273,6,0.1892,-6.5400,-0.8890,-0.7720
1,15.7377,6,0.1513,-6.6078,-0.8890,-0.7730
1,15.7604,6,0.1638,-4.8918,-0.8890,-0.7750
1,15.7842,6,0.1763,-3.8042,-0.8880,-0.7770
1,15.8143,6,0.1575,-3.1090,-0.8870,-0.7790
1,15.8185,6,0.1700,-1.3456,-0.8860,-0.7800
1,15.8296,6,0.2203,-0.1857,-0.8850,-0.7810
1,15.8437,6,0.2706,1.1176,-0.8840,-0.7820
1,15.8522,6,0.3209,2.4847,-0.8830,-0.7830
1,15.8640,6,0.2706,1.7926,-0.8830,-0.7830
1,15.8806,6,0.2330,1.3941,-0.8820,-0.7840
1,15.8871,6,0.2266,1.3447,-0.8820,-0.7850
1,15.9059,6,0.1763,0.5430,-0.8820,-0.7850
1,15.9212,6,0.1260,-0.5724,-0.8820,-0.7880
1,15.9557,6,0.0757,-1.2922,-0.8800,-0.7900
1,15.9788,6,0.0253,-2.4463,-0.8790,-0.7950
1,16.0016,6,0.0253,-1.8327,-0.8790,-0.7990
1,16.0274,6,0.0127,-1.5795,-0.8790,-0.8030
1,16.0521,6,0.0000,-1.5137,-0.8780,-0.8080
1,16.0823,6,0.0000,-1.1307,-0.8760,-0.8160
1,16.1125,6,0.0000,-0.6633,-0.8740,-0.8220
1,16.1281,6,0.0000,-0.4547,-0.8730,-0.8260
1,16.1511,6,0.0000,-0.1434,-0.8720,-0.8300
1,16.1750,6,0.0000,-0.1434,-0.8710,-0.8330
1,16.2005,6,0.0000,-0.0731,-0.8700,-0.8360
1,16.2198,6,0.0000,0.0000,-0.8700,-0.8370
1,16.2582,6,0.0000,0.0000,-0.8690,-0.8420
1,16.2771,6,0.0000,0.0000,-0.8670,-0.8460
1,16.3015,6,0.0000,0.0000,-0.8650,-0.8490
1,16.3331,6,0.0000,0.0000,-0.8630,-0.8530
1,16.3471,6,0.0000,0.0000,-0.8610,-0.8560
1,16.3704,6,0.0000,0.0000,-0.8600,-0.8590
1,16.4067,6,0.0000,0.0000,-0.8600,-0.8620
1,16.4313,6,0.0000,0.0000,-0.8590,-0.8640
1,16.4498,6,0.0000,0.0000,-0.8590,-0.8650
1,16.4724,6,0.0000,0.0000,-0.8580,-0.8660
1,16.4957,6,0.0000,0.0000,-0.8580,-0.8670
1,16.5197,6,0.0000,0.0000,-0.8570,-0.8670
1,16.5531,6,0.0000,0.0000,-0.8560,-0.8680
1,16.5778,6,0.0000,0.0000,-0.8550,-0.8670
1,16.5988,6,0.0000,0.0000,-0.8550,-0.8670
1,16.6218,6,0.0000,0.0000,-0.8550,-0.8660
1,16.6565,6,0.0000,0.0000,-0.8550,-0.8650
1,16.6794,6,0.0000,0.0000,-0.8560,-0.8640
1,16.6945,6,0.0000,0.0000,-0.8560,-0.8620
1,16.7022,6,0.0000,0.0000,-0.8560,-0.8610
1,16.7369,6,0.0000,0.0000,-0.8580,-0.8610
1,16.7610,6,0.0000,0.0000,-0.8580,-0.8590
1,16.7868,6,0.0000,0.0000,-0.8590,-0.8570
1,16.8058,6,0.0000,0.0000,-0.8590,-0.8570
1,16.8286,6,0.0000,0.0000,-0.8590,-0.8560
1,16.8514,6,0.0000,0.0000,-0.8590,-0.8550
1,16.8778,6,0.0000,0.0000,-0.8590,-0.8550
1,16.9050,6,0.0000,0.0000,-0.8600,-0.8550
1,16.9205,6,0.0000,0.0000,-0.8600,-0.8550
1,16.9433,6,0.0000,0.0000,-0.8600,-0.8550
1,16.9672,6,0.0000,0.0000,-0.8600,-0.8550
1,16.9921,6,0.0000,0.0000,-0.8600,-0.8550
1,17.0122,6,0.0000,0.0000,-0.8590,-0.8550
1,17.0354,6,0.0000,0.0000,-0.8590,-0.8550
1,17.0585,6,0.0000,0.0000,-0.8590,-0.8540
1,17.1281,6,0.0000,0.0000,-0.8950,-0.8510
1,17.1966,6,0.0000,0.0000,-0.8580,-0.8540
1,17.2242,6,0.0000,0.0000,-0.8570,-0.8520
1,17.2905,6,0.0000,0.0000,-0.8550,-0.8520
1,17.3690,6,0.0000,0.0000,-0.8530,-0.8510
1,17.4421,6,0.0000,0.0000,-0.8530,-0.8520
1,17.4672,6,0.0000,0.0000,-0.8510,-0.8590
1,17.4965,6,0.0000,0.0000,-0.8500,-0.8620
1,17.5032,6,0.0000,0.0000,-0.8490,-0.8660
1,17.5115,6,0.0000,0.0000,-0.8490,-0.8680
1,17.5333,6,0.0000,0.0000,-0.8490,-0.8710
1,17.5394,6,0.0000,0.0000,-0.8500,-0.8720
1,17.6060,6,0.0000,0.0000,-0.8460,-0.8780
1,17.6194,6,0.0000,0.0000,-0.8450,-0.8860
1,17.6450,6,0.0000,0.0000,-0.8430,-0.8900
1,17.6787,6,0.0000,0.0000,-0.8410,-0.8960
1,17.7122,6,0.0000,0.0000,-0.8400,-0.9010
1,17.7570,6,0.0000,0.0000,-0.8380,-0.9050
1,17.7814,6,0.0000,0.0000,-0.8360,-0.9080
1,17.8099,6,0.0000,0.0000,-0.8340,-0.9100
1,17.8442,6,0.0000,0.0000,-0.8330,-0.9120
1,17.8950,6,0.0000,0.0000,-0.8360,-0.9410
1,17.9184,6,0.0000,0.0000,-0.8370,-0.9400
1,17.9471,6,0.0000,0.0000,-0.8360,-0.9390
1,17.9638,6,0.0000,0.0000,-0.8340,-0.9370
1,17.9877,6,0.0000,0.0000,-0.8320,-0.9350
1,18.0141,6,0.0000,0.0000,-0.8290,-0.9330
1,18.0669,6,0.0063,0.0172,-0.8170,-0.8850
1,18.0904,6,0.0127,0.0558,-0.8180,-0.8830
1,18.1190,6,0.0190,0.0875,-0.8210,-0.8830
1,18.1361,6,0.0254,0.1406,-0.8250,-0.8820
1,18.2094,6,0.0380,0.1653,-0.8290,-0.8810
1,18.2328,6,0.0444,0.2039,-0.8410,-0.8790
1,18.2572,6,0.0507,0.2412,-0.8450,-0.8770
1,18.3333,6,0.0507,0.2240,-0.8500,-0.8750
1,18.3748,6,0.0507,0.1853,-0.8820,-0.8690
1,18.4012,6,0.0507,0.1537,-0.9010,-0.8690
1,18.4297,6,0.0507,0.1006,-0.9090,-0.8670
1,18.4550,6,0.0444,0.0402,-0.9110,-0.8620
1,18.4896,6,0.0444,0.0016,-0.9180,-0.8540
1,18.5397,6,0.0444,-0.0357,-0.9370,-0.8440
1,18.5682,6,0.0444,-0.0357,-0.9560,-0.8240
1,18.5816,6,0.0444,-0.0357,-0.9610,-0.8120
1,18.6159,6,0.0444,-0.0357,-0.9710,-0.7900
1,18.6505,6,0.0507,-0.0096,-0.9830,-0.7740
1,18.6776,6,0.0571,0.0595,-0.9870,-0.7750
1,18.7072,6,0.0634,0.0901,-0.9870,-0.7930
1,18.7199,6,0.0697,0.1614,-0.9880,-0.8320
1,18.7429,6,0.0760,0.2007,-0.9940,-0.8370
1,18.7653,6,0.0824,0.2411,-1.0020,-0.8440
1,18.7889,6,0.0887,0.2793,-1.0000,-0.8430
1,18.8179,6,0.0887,0.2532,-0.9990,-0.8440
1,18.8242,6,0.0887,0.2198,-1.0000,-0.8450
1,18.8346,6,0.0887,0.1892,-1.0000,-0.8450
1,18.8535,6,0.0887,0.1179,-1.0000,-0.8450
1,18.8595,6,0.0887,0.0786,-1.0000,-0.8450
1,18.8696,6,0.0887,0.0382,-1.0000,-0.8450
1,18.8887,6,0.0887,0.0000,-1.0000,-0.8450
1,18.9038,6,0.0887,0.0000,-1.0000,-0.8450
1,18.9766,6,0.0887,0.0000,-1.0000,-0.8450
1,18.9997,6,0.0887,0.0000,-1.0000,-0.8450
1,19.0258,6,0.0887,0.0000,-1.0000,-0.8450
1,19.0963,6,0.0887,0.0000,-1.0000,-0.8450
1,19.1250,6,0.0887,0.0000,-1.0000,-0.8450
1,19.1957,6,0.0887,0.0000,-1.0120,-0.8570
1,19.2637,6,0.0887,0.0000,-1.0000,-0.8450
1,19.2797,6,0.0887,0.0000,-1.0000,-0.8450
1,19.2963,6,0.0887,0.0000,-1.0000,-0.8450
1,19.3036,6,0.0887,0.0000,-1.0000,-0.8450
1,19.3411,6,0.0887,0.0000,-1.0000,-0.8450
1,19.3704,6,0.0887,0.0000,-1.0000,-0.8450
1,19.3830,6,0.0887,0.0000,-1.0000,-0.8450
1,19.4520,6,0.0887,0.0000,-1.0000,-0.8450
1,19.4637,6,0.0887,0.0000,-1.0000,-0.8450
1,19.4770,6,0.0887,0.0000,-1.0000,-0.8450
1,19.5122,6,0.0887,0.0000,-1.0000,-0.8450
1,19.5323,6,0.0824,-0.0450,-1.0000,-0.8450
1,19.5669,6,0.0824,-0.0450,-1.0000,-0.8450
1,19.5924,6,0.0824,-0.0450,-1.0000,-0.8450
1,19.6180,6,0.0824,-0.0450,-1.0000,-0.8450
1,19.6353,6,0.0824,-0.0450,-1.0000,-0.8450
1,19.6585,6,0.0824,-0.0450,-1.0000,-0.8450
1,19.6816,6,0.0824,-0.0450,-1.0000,-0.8450
1,19.7271,6,0.0887,0.0199,-1.0000,-0.8450
1,19.7500,6,0.0887,0.0199,-1.0000,-0.8450
1,19.7732,6,0.0887,0.0199,-1.0000,-0.8450
1,19.7981,6,0.0887,0.0199,-1.0000,-0.8450
1,19.8233,6,0.0887,0.0199,-1.0000,-0.8450
1,19.8420,6,0.0950,0.0681,-1.0000,-0.8450
1,19.8880,6,0.0950,0.0681,-1.0000,-0.8450
1,19.9158,6,0.1013,0.0806,-1.0000,-0.8450
1,19.9414,6,0.1076,0.1158,-1.0000,-0.8450
1,19.9568,6,0.1140,0.1746,-1.0000,-0.8450
1,20.0371,6,0.1203,0.1858,-1.0040,-0.8490
1,20.0634,6,0.1266,0.2201,-1.0040,-0.8490
1,20.0832,6,0.1266,0.1719,-1.0040,-0.8490
1,20.1061,6,0.1329,0.2113,-1.0040,-0.8490
1,20.1294,6,0.1329,0.1789,-1.0040,-0.8490
1,20.1528,6,0.1329,0.1436,-1.0040,-0.8490
1,20.1773,6,0.1329,0.0849,-1.0040,-0.7870
1,20.2349,6,0.1329,0.0736,-1.0000,-0.7830
1,20.2553,6,0.1329,0.0393,-1.0000,-0.7830
1,20.2784,6,0.1329,0.0393,-1.0000,-0.7830
1,20.3017,6,0.1329,0.0000,-1.0000,-0.7830
1,20.3321,6,0.1329,0.0000,-1.0000,-0.7830
1,20.4057,6,0.1329,0.0000,-1.0000,-0.7830
1,20.4464,6,0.1329,0.0000,-1.0000,-0.7830
1,20.4820,6,0.1329,0.0000,-1.0000,-0.7830
1,20.4971,6,0.1329,0.0000,-1.0000,-0.7830
1,20.5221,6,0.1329,0.0000,-1.0000,-0.7830
1,20.5432,6,0.1329,0.0000,-1.0000,-0.7830
1,20.5662,6,0.1329,0.0000,-1.0000,-0.7830
1,20.5911,6,0.1329,0.0000,-1.0000,-0.7830
1,20.6015,6,0.1329,0.0000,-1.0000,-0.7830
1,20.6120,6,0.1329,0.0000,-1.0000,-0.7830
1,20.6313,6,0.1329,0.0000,-1.0000,-0.7830
1,20.6462,6,0.1329,0.0000,-1.0000,-0.7830
1,20.6729,6,0.1329,0.0000,-1.0000,-0.7830
1,20.7005,6,0.1329,0.0000,-1.0000,-0.7830
1,20.7149,6,0.1329,0.0000,-1.0000,-0.7830
1,20.7397,6,0.1329,0.0000,-1.0000,-0.7830
1,20.7500,6,0.1329,0.0000,-1.0000,-0.7830
1,20.7664,6,0.1329,0.0000,-1.0000,-0.7830
1,20.7735,6,0.1329,0.0000,-1.0000,-0.7830
1,20.8065,6,0.1329,0.0000,-1.0000,-0.7830
1,20.8309,6,0.1329,0.0000,-1.0000,-0.7830
1,20.8558,6,0.1329,0.0000,-1.0000,-0.7830
1,20.8757,6,0.1329,0.0000,-1.0000,-0.7830
1,20.8984,6,0.1329,0.0000,-1.0000,-0.7830
1,20.9145,6,0.1329,0.0000,-1.0000,-0.7830
1,20.9218,6,0.1329,0.0000,-1.0000,-0.7830
1,20.9329,6,0.1329,0.0000,-1.0000,-0.7830
1,20.9560,6,0.1329,0.0000,-1.0000,-0.7830
1,20.9790,6,0.1329,0.0000,-1.0000,-0.7830
1,21.0037,6,0.1329,0.0000,-1.0000,-0.7830
1,21.0250,6,0.1329,0.0000,-1.0000,-0.7830
1,21.0477,6,0.1329,0.0000,-1.0000,-0.7830
1,21.0639,6,0.1329,0.0000,-1.0000,-0.7830
1,21.0709,6,0.1329,0.0000,-1.0000,-0.7830
1,21.0823,6,0.1329,0.0000,-1.0000,-0.7830
1,21.1225,6,0.1329,0.0000,-1.0000,-0.7830
1,21.1627,6,0.1329,0.0000,-1.0000,-0.7830
1,21.1971,6,0.1329,0.0000,-1.0000,-0.7830
1,21.2203,6,0.1329,0.0000,-1.0000,-0.7830
1,21.2433,6,0.1329,0.0000,-1.0000,-0.7830
1,21.2663,6,0.1329,0.0000,-1.0000,-0.7830
1,21.3012,6,0.1329,0.0000,-1.0000,-0.7830
1,21.3350,6,0.1329,0.0000,-1.0000,-0.7830
1,21.3587,6,0.1329,0.0000,-1.0000,-0.7830
1,21.3836,6,0.1329,0.0000,-1.0000,-0.7830
1,21.4038,6,0.1329,0.0000,-1.0000,-0.7830
1,21.4460,6,0.1329,0.0000,-1.0000,-0.7830
1,21.5521,6,0.1329,0.0000,-1.0000,-0.7830
1,21.6241,6,0.1329,0.0000,-1.0000,-0.7830
1,21.6431,6,0.1329,0.0000,-1.0000,-0.7830
1,21.6678,6,0.1329,0.0000,-1.0000,-0.7830
1,21.6785,6,0.1329,0.0000,-1.0000,-0.7830
1,21.6970,6,0.1329,0.0000,-1.0000,-0.7830
1,21.7033,6,0.1329,0.0000,-1.0000,-0.7830
1,21.7119,6,0.1329,0.0000,-1.0000,-0.7830
1,21.7376,6,0.1329,0.0000,-1.0000,-0.7830
1,21.7652,6,0.1329,0.0000,-1.0000,-0.7830
1,21.7811,6,0.1329,0.0000,-1.0000,-0.7830
1,21.8064,6,0.1329,0.0000,-1.0000,-0.7830
1,21.8361,6,0.1329,0.0000,-1.0000,-0.7830
1,21.8422,6,0.1329,0.0000,-1.0000,-0.7830
1,21.8500,6,0.1329,0.0000,-1.0000,-0.7830
1,21.8761,6,0.1329,0.0000,-1.0000,-0.7830
1,21.9049,6,0.1329,0.0000,-1.0000,-0.7830
1,21.9202,6,0.1329,0.0000,-1.0000,-0.7830
1,21.9445,6,0.1329,0.0000,-1.0000,-0.7830
1,21.9879,6,0.1329,0.0000,-1.0000,-0.7830
1,22.0114,6,0.1329,0.0000,-1.0000,-0.7830
1,22.0393,6,0.1329,0.0000,-1.0000,-0.7830
1,22.0726,6,0.1329,0.0000,-1.0000,-0.7830
1,22.1061,6,0.1329,0.0000,-1.0000,-0.7830
1,22.1488,6,0.1329,0.0000,-1.0000,-0.7830
1,22.1723,6,0.1329,0.0000,-1.0000,-0.7830
1,22.2175,6,0.1329,0.0000,-1.0000,-0.7830
1,22.2519,6,0.1329,0.0000,-1.0000,-0.7830
1,22.2977,6,0.1329,0.0000,-1.0000,-0.7830
1,22.3776,6,0.1329,0.0000,-1.0000,-0.7830
1,22.3897,6,0.1329,0.0000,-1.0000,-0.7830
1,22.4167,6,0.1329,0.0000,-1.0000,-0.7830
1,22.4245,6,0.1329,0.0000,-1.0000,-0.7830
1,22.4473,6,0.1329,0.0000,-1.0000,-0.7830
1,22.4530,6,0.1329,0.0000,-1.0000,-0.7830
1,22.4584,6,0.1329,0.0000,-1.0000,-0.7830
1,22.4819,6,0.1329,0.0000,-1.0000,-0.7830
1,22.5145,6,0.1329,0.0000,-1.0000,-0.7830
1,22.5284,6,0.1329,0.0000,-1.0000,-0.7830
1,22.5544,6,0.1329,0.0000,-1.0000,-0.7830
1,22.5734,6,0.1329,0.0000,-1.0000,-0.7830
1,22.5903,6,0.1329,0.0000,-1.0000,-0.7830
1,22.5973,6,0.1329,0.0000,-1.0000,-0.7830
1,22.6078,6,0.1329,0.0000,-1.0000,-0.7830
1,22.6422,6,0.1329,0.0000,-1.0000,-0.7830
1,22.6684,6,0.1329,0.0000,-1.0000,-0.7830
1,22.6982,6,0.1329,0.0000,-1.0000,-0.7830
1,22.7112,6,0.1329,0.0000,-1.0000,-0.7830
1,22.7322,6,0.1329,0.0000,-1.0000,-0.7830
1,22.7419,6,0.1329,0.0000,-1.0000,-0.7830
1,22.7458,6,0.1329,0.0000,-1.0000,-0.7830
1,22.7573,6,0.1329,0.0000,-1.0000,-0.7830
1,22.7917,6,0.1329,0.0000,-1.0000,-0.7830
1,22.8260,6,0.1329,0.0000,-1.0000,-0.7830
1,22.8605,6,0.1329,0.0000,-1.0000,-0.7830
1,22.9295,6,0.1329,0.0000,-1.0160,-0.7820
1,22.9878,6,0.1329,0.0000,-1.0000,-0.7830
1,23.0150,6,0.1329,0.0000,-1.0000,-0.7830
1,23.0329,6,0.1329,0.0000,-1.0000,-0.7830
1,23.0567,6,0.1329,0.0000,-1.0000,-0.7830
1,23.0832,6,0.1329,0.0000,-1.0000,-0.7830
1,23.1166,6,0.1329,0.0000,-1.0000,-0.7830
1,23.1706,6,0.1329,0.0000,-1.0000,-0.7830
1,23.2395,6,0.1329,0.0000,-1.0000,-0.7830
1,23.2623,6,0.1329,0.0000,-1.0000,-0.7830
1,23.2870,6,0.1329,0.0000,-1.0000,-0.7830
1,23.2970,6,0.1329,0.0000,-1.0000,-0.7830
1,23.3083,6,0.1329,0.0000,-1.0000,-0.7830
1,23.3244,6,0.1329,0.0000,-1.0000,-0.7830
1,23.3318,6,0.1329,0.0000,-1.0000,-0.7830
1,23.3535,6,0.1329,0.0000,-1.0000,-0.7830
1,23.3592,6,0.1329,0.0000,-1.0000,-0.7830
1,23.3894,6,0.1329,0.0000,-1.0000,-0.7830
1,23.4118,6,0.1329,0.0000,-1.0000,-0.7830
1,23.4379,6,0.1329,0.0000,-1.0000,-0.7830
1,23.4664,6,0.1329,0.0000,-1.0000,-0.7830
1,23.4807,6,0.1329,0.0000,-1.0000,-0.7830
1,23.5040,6,0.1329,0.0000,-1.0000,-0.7830
1,23.5294,6,0.1329,0.0000,-1.0000,-0.7830
1,23.5619,6,0.1329,0.0000,-1.0000,-0.7830
1,23.6391,6,0.1329,0.0000,-1.0000,-0.7830
1,23.7126,6,0.1329,0.0000,-1.0000,-0.7830
1,23.7466,6,0.1329,0.0000,-1.0000,-0.7830
1,23.7753,6,0.1329,0.0000,-1.0000,-0.7830
1,23.7887,6,0.1329,0.0000,-1.0000,-0.7830
1,23.8149,6,0.1329,0.0000,-1.0000,-0.7830
1,23.8346,6,0.1329,0.0000,-1.0000,-0.7830
1,23.8578,6,0.1329,0.0000,-1.0000,-0.7830
1,23.8928,6,0.1329,0.0000,-1.0000,-0.7830
1,23.9215,6,0.1329,0.0000,-1.0000,-0.7830
1,23.9379,6,0.1329,0.0000,-1.0000,-0.7830
1,23.9612,6,0.1329,0.0000,-1.0000,-0.7830
1,23.9883,6,0.1329,0.0000,-1.0000,-0.7830
1,23.9978,6,0.1329,0.0000,-1.0080,-0.7910
1,24.0198,6,0.1329,0.0000,-1.0000,-0.7830
1,24.0411,6,0.1329,0.0000,-1.0000,-0.7830
1,24.0688,6,0.1329,0.0000,-1.0000,-0.7830
1,24.0756,6,0.1329,0.0000,-1.0000,-0.7830
1,24.0974,6,0.1329,0.0000,-1.0000,-0.7830
1,24.1068,6,0.1329,0.0000,-1.0000,-0.7830
1,24.1103,6,0.1329,0.0000,-1.0000,-0.7830
1,24.1213,6,0.1329,0.0000,-1.0000,-0.7830
1,24.1397,6,0.1329,0.0000,-1.0000,-0.7830
1,24.1460,6,0.1329,0.0000,-1.0000,-0.7830
1,24.1566,6,0.1329,0.0000,-1.0000,-0.7830
1,24.1758,6,0.1329,0.0000,-1.0000,-0.7830
1,24.1905,6,0.1329,0.0000,-1.0000,-0.7830
1,24.2168,6,0.1329,0.0000,-1.0000,-0.7830
1,24.2518,6,0.1329,0.0000,-1.0000,-0.7830
1,24.2708,6,0.1329,0.0000,-1.0000,-0.7830
1,24.3293,6,0.1329,0.0000,-1.0040,-0.7870
1,24.3984,6,0.1329,0.0000,-1.0000,-0.7830
1,24.4343,6,0.1329,0.0000,-1.0000,-0.7830
1,24.4636,6,0.1329,0.0000,-1.0000,-0.7830
1,24.4777,6,0.1329,0.0000,-1.0000,-0.7830
1,24.5036,6,0.1329,0.0000,-1.0000,-0.7830
1,24.5330,6,0.1329,0.0000,-1.0000,-0.7830
1,24.5465,6,0.1329,0.0000,-1.0000,-0.7830
1,24.5729,6,0.1329,0.0000,-1.0000,-0.7830
1,24.5926,6,0.1329,0.0000,-1.0000,-0.7830
1,24.6166,6,0.1329,0.0000,-1.0000,-0.7830
1,24.6425,6,0.1329,0.0000,-1.0000,-0.7830
1,24.6614,6,0.1329,0.0000,-1.0000,-0.7830
1,24.6877,6,0.1329,0.0000,-1.0000,-0.7830
1,24.7165,6,0.1329,0.0000,-1.0000,-0.7830
1,24.7304,6,0.1329,0.0000,-1.0000,-0.7830
1,24.7619,6,0.1329,0.0000,-1.0000,-0.7830
1,24.7764,6,0.1329,0.0000,-1.0000,-0.7830
1,24.7990,6,0.1329,0.0000,-1.0000,-0.7830
1,24.8894,6,0.1329,0.0000,-1.0000,-0.7830
1,24.9024,6,0.1329,0.0000,-1.0000,-0.7830
1,24.9258,6,0.1329,0.0000,-1.0000,-0.7830
1,24.9370,6,0.1329,0.0000,-1.0000,-0.7830
1,24.9537,6,0.1329,0.0000,-1.0000,-0.7830
1,24.9717,6,0.1329,0.0000,-1.0000,-0.7830
1,25.0007,6,0.1329,0.0000,-1.0000,-0.7830
1,25.0173,6,0.1329,0.0000,-1.0000,-0.7830
1,25.0406,6,0.1329,0.0000,-1.0000,-0.7830
1,25.0661,6,0.1329,0.0000,-1.0000,-0.7830
1,25.0865,6,0.1329,0.0000,-1.0000,-0.7830
1,25.1102,6,0.1329,0.0000,-1.0000,-0.7830
1,25.1445,6,0.1329,0.0000,-1.0000,-0.7830
1,25.1835,6,0.1329,0.0000,-1.0000,-0.7830
1,25.2167,6,0.1329,0.0000,-1.0000,-0.7830
1,25.2466,6,0.1329,0.0000,-1.0000,-0.7830
1,25.2585,6,0.1329,0.0000,-1.0000,-0.7830
1,25.3325,6,0.1329,0.0000,-1.0040,-0.7870
1,25.3544,6,0.1329,0.0000,-1.0040,-0.7870
1,25.3733,6,0.1329,0.0000,-1.0040,-0.7870
1,25.3893,6,0.1329,0.0000,-1.0040,-0.7870
1,25.3994,6,0.1329,0.0000,-1.0040,-0.7870
1,25.4078,6,0.1329,0.0000,-1.0040,-0.7870
1,25.4992,6,0.1329,0.0000,-1.0000,-0.7830
1,25.5336,6,0.1329,0.0000,-1.0000,-0.7830
1,25.5468,6,0.1329,0.0000,-1.0000,-0.7830
1,25.5572,6,0.1329,0.0000,-1.0000,-0.7830
1,25.5806,6,0.1329,0.0000,-1.0000,-0.7830
1,25.6051,6,0.1329,0.0000,-1.0000,-0.7830
1,25.6255,6,0.1329,0.0000,-1.0000,-0.7830
1,25.6485,6,0.1329,0.0000,-1.0000,-0.7830
1,25.6725,6,0.1329,0.0000,-1.0000,-0.7830
1,25.6828,6,0.1329,0.0000,-1.0000,-0.7830
1,25.6963,6,0.1329,0.0000,-1.0000,-0.7830
1,25.7062,6,0.1329,0.0000,-1.0000,-0.7830
1,25.7172,6,0.1329,0.0000,-1.0000,-0.7830
1,25.7522,6,0.1329,0.0000,-1.0000,-0.7830
